:020000040800F2
:10000000005000208D110008D50F0008DD0F0008FA
:10001000E50F0008ED0F0008F50F000800000000D4
:10002000000000000000000000000000FD0F0008BC
:100030000910000800000000151000082110000839
:10004000D5110008D5110008D5110008D5110008F8
:10005000D5110008D5110008D5110008D5110008E8
:10006000D5110008D5110008D5110008D5110008D8
:10007000D5110008D5110008D5110008D5110008C8
:10008000D5110008D5110008890E0008D511000807
:100090002D100008D5110008D5110008D511000851
:1000A000D5110008D5110008D5110008D511000898
:1000B000D5110008D51100085D0E0008D511000803
:1000C000D5110008D5110008D5110008D511000878
:1000D000D5110008D5110008D5110008D511000868
:1000E000D5110008D5110008D51100080000000046
:1000F0000000000000000000000000000000000000
:0C01000000000000000000005FF808F1A3
:10010C0010B5054C237833B9044B13B10448AFF345
:10011C0000800123237010BD74010020000000003A
:10012C00188B000808B5034B1BB103490348AFF308
:10013C00008008BD0000000078010020188B00082A
:10014C0080B400AF104B1B681A680F4B1B6842F44D
:10015C0000321A600D4B1B6840F6A6621A600C4BFD
:10016C001B681A680A4B1B6842F400521A60084B51
:10017C001B681A68064B1B6842F008021A6000BF25
:10018C00BD4680BC704700BF000000200C00002062
:10019C001000002080B483B000AF786000BF084B23
:1001AC001B681B6803F08003002BF8D07A68054BA2
:1001BC001B68D2B21A6000BF0C37BD4680BC7047BA
:1001CC00040000200800002080B582B000AF7860E9
:1001DC007868FFF7DFFF7B6818460837BD4680BD9F
:1001EC0080B483B000AF0346FB7197F90730002B46
:1001FC000BDBFB7903F01F02064997F907305B090B
:10020C00012000FA02F241F8232000BF0C37BD4652
:10021C0080BC704700E100E080B483B000AF0346BF
:10022C003960FB7197F90730002B0ADB3B68DAB2B7
:10023C000C4997F907301201D2B20B4483F8002312
:10024C000AE03B68DAB20849FB7903F00F03043B80
:10025C001201D2B20B441A7600BF0C37BD4680BCDB
:10026C00704700BF00E100E000ED00E080B485B015
:10027C0000AF03460A46FB711346BB80154B1B7837
:10028C00DBB201335A4203F0070302F0070258BFF6
:10029C005342FB73104B1B78DBB2FA7B9A4213D0A0
:1002AC000C4B1B78DBB219460C4AFB7902F8213057
:1002BC00084B1B78DBB2094A9B001344BA885A805E
:1002CC00044AFB7B137000E000BF1437BD4680BCB2
:1002DC00704700BFBC010020BD0100209C01002024
:1002EC0080B582B000AF444B5B68434A23F4404373
:1002FC005360414B5B68404A43F4004353603E4BB0
:10030C009B693D4A43F4007393613C4B00225A6055
:10031C003A4B00229A60394B1B69384A23F46033FC
:10032C001361364B1B69354A43F420331361334B4D
:10033C00DB6A324A23F47003D362304B5B6B2F4A77
:10034C0023F01F0353632D4B5B6B2C4A43F00403C8
:10035C0053632A4B9B68294A23F460239360274BF1
:10036C009B68264A43F400239360244B9B68234AE2
:10037C0043F480139360214B9B68204A43F00103A4
:10038C00936000237B6002E07B6801337B607B68B9
:10039C00B3F57A7FF8DB194B9B68184A43F00803D6
:1003AC00936000BF154B9B6803F00803002BF9D139
:1003BC00124B9B68114A43F00403936000BF0F4B30
:1003CC009B6803F00403002BF9D10C4B5B680B4AC0
:1003DC0043F02003536002211220FFF71DFF12206F
:1003EC00FFF7FEFE054B9B68044A43F00103936044
:1003FC0000BF0837BD4680BD0010024000240140FC
:10040C0080B582B000AF2A4BDB6CFB80294B1B788C
:10041C001946294AFB8822F81130264B1B781A46BC
:10042C00264B33F81220FB882249097808462349C9
:10043C0031F810105B1ADB109BB21E49097813447B
:10044C009AB21E4B23F811201A4B1B781A461B4BE1
:10045C0033F81220174B1B781946194B33F811300F
:10046C00D31A9BB2BB80B7F904300B2B04DCB7F961
:10047C00043013F10B0F17DA0E4B1B7819460D4B8A
:10048C001B781A460D4B33F811100D4B23F8121034
:10049C00084B1B78074A12781146084A32F811208B
:1004AC0011461846FFF7E2FE00BF0837BD4680BD77
:1004BC0000240140BE010020900100209401002086
:1004CC009801002080B483B000AF7860134B1B7888
:1004DC00DAB2134B1B78DBB29A4201D1002317E03E
:1004EC000F4B1B78DBB279680E4A9B0013441868DB
:1004FC0008600B4B1B78DBB201335A4203F0070345
:10050C0002F0070258BF5342DAB2054B1A700123AE
:10051C0018460C37BD4680BC704700BFBC0100209C
:10052C00BD0100209C01002080B485B000AF0346C3
:10053C000A46FB711346BB71154B1B78DBB20133BA
:10054C005A4203F0070302F0070258BF5342FB73F1
:10055C00104B1B78DBB2FA7B9A4213D00C4B1B78F6
:10056C00DBB219460C4AFB7902F81130084B1B78A8
:10057C00DBB2094A5B001344BA795A70044AFB7B1C
:10058C00137000E000BF1437BD4680BC704700BF3D
:10059C00DC010020DD010020CC01002080B483B000
:1005AC0000AF0023FB710EE0FB790E4A0121D15400
:1005BC00FB790D4A0121D154FB790C4A0021D1540D
:1005CC00FB790133FB71FB79022BEDD9084B00222F
:1005DC001A70084B00221A7000BF0C37BD4680BC45
:1005EC00704700BFC0010020C4010020C8010020DA
:1005FC00DC010020DD01002080B582B000AF0023BB
:10060C00FB7143E0254B9B68FA79254931F81220A0
:10061C001340002B14BF01230023DBB2BB71FB7909
:10062C00204AD35CBA799A4225D1FB791E4AD35C15
:10063C00072B07D8FB791C4AD25C0132D1B21A4A7B
:10064C00D15420E0FB79194AD35CBA799A421AD07A
:10065C00FB791649BA79CA54BB79002B05D1FB79C1
:10066C0000211846FFF760FF0DE0FB7901211846C9
:10067C00FFF75AFF07E0FB790B4A0021D154FB79B5
:10068C000849BA79CA54FB790133FB71FB79022B07
:10069C00B8D900BF00BF0837BD4680BD0008014077
:1006AC00488C0008C0010020C8010020C4010020B3
:1006BC0080B483B000AF7860134B1B78DAB2134B65
:1006CC001B78DBB29A4201D1002317E00F4B1B7849
:1006DC00DBB279680E4A5B0013441B880B800B4B12
:1006EC001B78DBB201335A4203F0070302F0070216
:1006FC0058BF5342DAB2054B1A70012318460C3717
:10070C00BD4680BC704700BFDC010020DD0100202D
:10071C00CC01002080B485B000AF0346FB71114BB7
:10072C001B78DBB201335A4203F0070302F00702D5
:10073C0058BF5342FB730C4B1B78DBB2FA7B9A42CB
:10074C000AD0084B1B78DBB21946084AFB79535484
:10075C00044AFB7B137000E000BF1437BD4680BC1D
:10076C00704700BFE8010020E9010020E0010020F3
:10077C0080B400AF4FF080435B6A1AB2054B1A800D
:10078C00054B00221A70054B00221A7000BFBD46A3
:10079C0080BC7047DE010020E8010020E901002048
:1007AC0080B582B000AF4FF080435B6ABB80BA88E3
:1007BC001B4BB3F900309BB2D31A9BB2FB800FE0FA
:1007CC000120FFF7A7FF164BB3F900309BB20233A1
:1007DC009BB21AB2124B1A80FB88023B9BB2FB8075
:1007EC00B7F90630012BEBDC10E04FF0FF30FFF7D0
:1007FC0091FF0B4BB3F900309BB2023B9BB21AB288
:10080C00074B1A80FB8802339BB2FB80B7F906308A
:10081C00B3F1FF3FE9DB00BF00BF0837BD4680BD29
:10082C00DE01002080B483B000AF7860124B1B78DF
:10083C00DAB2124B1B78DBB29A4201D1002316E0DC
:10084C000E4B1B78DBB219467B680D4A525C1A7052
:10085C000A4B1B78DBB201335A4203F0070302F058
:10086C00070258BF5342DAB2044B1A7001231846E0
:10087C000C37BD4680BC7047E8010020E901002020
:10088C00E001002080B400AF374B9B69364A43F03F
:10089C0004039361344B9B69334A43F02003936107
:1008AC00324B1B68314A23F00F0313602F4B1B682C
:1008BC002E4A43F0040313602C4B1B682B4A23F085
:1008CC00F0031360294B1B68284A43F04003136064
:1008DC00264B1B68254A23F470631360234B1B685B
:1008EC00224A43F430631360204B1B681F4A23F4E5
:1008FC00702313601D4B1B681C4A23F47003136098
:10090C001A4B1B68194A43F400031360174B1B68FE
:10091C00164A23F070631360144B1B68134A43F0A0
:10092C0000631360114B1B68104A23F07043136073
:10093C000E4B1B680D4A43F0004313600B4BDB68F6
:10094C000A4A43F02003D360084BDB68074A43F0A4
:10095C004003D360054BDB68044A43F08003D3604B
:10096C0000BFBD4680BC704700100240000801402B
:10097C0080B483B000AF0346FB7197F90730002BAE
:10098C000BDBFB7903F01F02064997F907305B0973
:10099C00012000FA02F241F8232000BF0C37BD46BB
:1009AC0080BC704700E100E080B483B000AF034628
:1009BC003960FB7197F90730002B0ADB3B68DAB220
:1009CC000C4997F907301201D2B20B4483F800237B
:1009DC000AE03B68DAB20849FB7903F00F03043BE9
:1009EC001201D2B20B441A7600BF0C37BD4680BC44
:1009FC00704700BF00E100E000ED00E080B500AF03
:100A0C00124B9B69114A43F400639361104B41F6FE
:100A1C001F429A620E4B3122DA620D4BDB680C4A94
:100A2C0043F00103D3600F211920FFF7BDFF1920FC
:100A3C00FFF79EFF064B00225A62054B1B68044AC7
:100A4C0043F00103136000BF80BD00BF00100240E3
:100A5C00002C014080B400AF334BDB69324A43F0C9
:100A6C000103D3614FF0804300221A604FF08043A2
:100A7C0000225A604FF0804300229A604FF080436E
:100A8C009B684FF0804243F0030393604FF0804328
:100A9C009B694FF080421B0C1B0493614FF0804309
:100AAC009B694FF0804243F0010393614FF0804308
:100ABC009B694FF0804243F4807393614FF0804305
:100ACC009B694FF0804243F0300393614FF08043B9
:100ADC009B694FF0804243F4405393614FF0804345
:100AEC001B6A4FF0804243F0010313624FF08043C6
:100AFC001B6A4FF0804243F0100313624FF08043A7
:100B0C004FF6FF72DA624FF0804300225A624FF0C8
:100B1C0080431B684FF0804243F00103136000BF19
:100B2C00BD4680BC704700BF0010024080B400AFCF
:100B3C00124BDB69114A43F00203D361104B41F6AF
:100B4C001F429A620E4B0922DA620D4B5B680C4A0B
:100B5C0023F0700353600A4B5B68094A43F020038F
:100B6C005360074B00225A62054B1B68044A43F042
:100B7C000103136000BFBD4680BC704700100240EB
:100B8C000004004080B500AF124BDB69114A43F002
:100B9C000403D361104B41F61F429A620E4B09229B
:100BAC00DA620D4BDB680C4A43F00103D360012180
:100BBC001E20FFF7F9FE1E20FFF7DAFE064B00227F
:100BCC005A62054B1B68044A43F00103136000BFD3
:100BDC0080BD00BF001002400008004080B483B00C
:100BEC0000AF0E4B9B690D4A43F0200393610B4BF6
:100BFC009B6903F020037B607B68084B9B69074A69
:100C0C0043F004039361054B9B6903F004033B60C1
:100C1C003B6800BF0C37BD4680BC704700100240DB
:100C2C0080B485B000AF0346FB80FA881346DB0125
:100C3C009B1A0A4A82FB03121A44D212DB17D31AEC
:100C4C00FB7397F90F30002B01DA7F23FB73FB7BCF
:100C5C0018461437BD4680BC704700BF8100088021
:100C6C0080B584B000AF00F0B1FA00F01BF9FFF7CB
:100C7C00B5FF06F05DFBFFF705FEFFF761FAFFF726
:100C8C008DFCFFF775FDFFF72BFBFFF7B7FEFFF7AA
:100C9C00E1FEFFF74BFFFFF775FF634807F070F9B4
:100CAC00624B1B689B68184607F02CF807F10C0385
:100CBC001846FFF7FDFC0346002B7CD07B7B002BFA
:100CCC003BD13B7B032B38D801A252F823F000BF59
:100CDC00ED0C00080B0D0008290D0008470D00084D
:100CEC0064223E21002006F0ABFC514807F048F985
:100CFC004E4B1B689B68184607F004F81DE06422F5
:100D0C003D21002006F09CFC4A4807F039F9474B7E
:100D1C001B689B68184606F0F5FF0EE064223C2128
:100D2C00002006F08DFC444807F02AF93F4B1B6865
:100D3C009B68184606F0E6FF00BF7B7B012B3AD17F
:100D4C003B7B032B37D801A252F823F0690D000826
:100D5C00870D0008A50D0008C30D000800223E21D8
:100D6C00002006F06DFC354807F00AF92F4B1B6884
:100D7C009B68184606F0C6FF1DE000223D210020AE
:100D8C0006F05EFC2E4807F0FBF8284B1B689B68AE
:100D9C00184606F0B7FF0EE000223C21002006F0BA
:100DAC004FFC284807F0ECF8204B1B689B68184652
:100DBC0006F0A8FF00BF07F108031846FFF732FD45
:100DCC000346002B20D097F90830002B0EDD0122B2
:100DDC000A21002006F05DFC1B4807F0D1F8134BEC
:100DEC001B689B68184606F08DFF0DE07F220A21D8
:100DFC00002006F04EFC154807F0C2F80B4B1B68A0
:100E0C009B68184606F07EFF3B1D1846FFF75AFB01
:100E1C000346002B3FF44AAFFB881846FFF700FF50
:100E2C000346FB7342E700BF308B0008240100200F
:100E3C00448B00085C8B0008688B0008788B0008DA
:100E4C00908B0008A08B0008B08B0008BC8B0008AE
:100E5C0080B500AF084B1B6903F00103002B09D0D0
:100E6C00054B1B69044A23F001031361FFF7C4FB14
:100E7C00FFF796FC00BF80BD0008004080B500AFB6
:100E8C00074B1B6803F00203002B07D0FFF7B8FADF
:100E9C00034B1B68024A23F00203136000BF80BDA2
:100EAC000024014080B594B000AF07F1280328223C
:100EBC000021184607F044F907F1140300221A60C8
:100ECC005A609A60DA601A613B1D00221A605A60FF
:100EDC009A60DA600123BB624FF48033FB6200231B
:100EEC003B630123BB6302237B644FF48033BB64FD
:100EFC004FF4E013FB6407F12803184602F01EF8C8
:100F0C000346002B01D000F027F80F237B6102234E
:100F1C00BB610023FB614FF480633B6200237B6267
:100F2C0007F114030221184602F08AFA0346002B3B
:100F3C0001D000F011F810237B6000233B613B1DB6
:100F4C00184602F0D9FB0346002B01D000F004F840
:100F5C0000BF5037BD4680BD80B400AF72B600BF35
:100F6C0000BFFDE780B485B000AF154B9B69144AF8
:100F7C0043F001039361124B9B6903F00103BB60C7
:100F8C00BB680F4BDB690E4A43F08053D3610C4BAB
:100F9C00DB6903F080537B607B680A4B5B68FB600A
:100FAC00FB6823F0E063FB60FB6843F00073FB60BD
:100FBC00044AFB68536000BF1437BD4680BC7047C1
:100FCC00001002400000014080B400AF00BFFDE7FC
:100FDC0080B400AF00BFFDE780B400AF00BFFDE7F9
:100FEC0080B400AF00BFFDE780B400AF00BFFDE7E9
:100FFC0080B400AF00BFBD4680BC704780B400AF6A
:10100C0000BFBD4680BC704780B400AF00BFBD467A
:10101C0080BC704780B500AF00F01EF900BF80BDEA
:10102C0080B500AF024800F05CFB00BF80BD00BF84
:10103C005007002080B586B000AFF860B9607A60C8
:10104C0000237B610AE0AFF300800146BB685A1CA9
:10105C00BA60CAB21A707B6901337B617A697B68AA
:10106C009A42F0DB7B6818461837BD4680BD80B5C8
:10107C0086B000AFF860B9607A6000237B6109E04C
:10108C00BB685A1CBA601B781846FFF79DF87B6941
:10109C0001337B617A697B689A42F1DB7B68184685
:1010AC001837BD4680BD80B483B000AF78604FF078
:1010BC00FF3318460C37BD4680BC704780B483B0F4
:1010CC0000AF786039603B684FF400525A600023DF
:1010DC0018460C37BD4680BC704780B483B000AF57
:1010EC007860012318460C37BD4680BC704780B42D
:1010FC0085B000AFF860B9607A60002318461437E9
:10110C00BD4680BC7047000080B586B000AF7860EB
:10111C00144A154BD31A7B617B693B61134B1B68DB
:10112C00002B02D1114B124A1A60104B1A687B68C3
:10113C0013443A699A4207D207F050F803460C223E
:10114C001A604FF0FF3309E0084B1B68FB60074B3C
:10115C001A687B681344054A1360FB6818461837F5
:10116C00BD4680BD0050002000040000EC010020B2
:10117C00780B002080B400AF00BFBD4680BC704728
:10118C00FFF7F8FF0B480C490C4A002302E0D45837
:10119C00C4500433C4188C42F9D3094A094C0023B7
:1011AC0001E013600432A242FBD307F01DF8FFF7F5
:1011BC0057FD70470000002074010020B08C00081F
:1011CC0074010020740B0020FEE7000080B500AF16
:1011DC00084B1B68074A43F010031360032000F010
:1011EC0023F90F2000F008F8FFF7BCFE0023184687
:1011FC0080BD00BF0020024080B582B000AF786097
:10120C00124B1A68124B1B7819464FF47A73B3FBC6
:10121C00F1F3B2FBF3F3184600F03BF90346002B55
:10122C0001D001230EE07B680F2B0AD800227968CD
:10123C004FF0FF3000F003F9064A7B68136000237F
:10124C0000E0012318460837BD4680BD140000207D
:10125C001C0000201800002080B400AF054B1B7848
:10126C001A46054B1B681344034A136000BFBD4666
:10127C0080BC70471C000020F001002080B400AF3F
:10128C00024B1B681846BD4680BC7047F00100201D
:10129C0080B485B000AF78607B6803F00703FB6017
:1012AC000C4BDB68BB60BA684FF6FF031340BB60A6
:1012BC00FB681A02BB68134343F0BF6343F400336B
:1012CC00BB60044ABB68D36000BF1437BD4680BC0A
:1012DC00704700BF00ED00E080B400AF044BDB684A
:1012EC001B0A03F007031846BD4680BC704700BFBD
:1012FC0000ED00E080B483B000AF0346FB7197F9BA
:10130C000730002B0BDBFB7903F01F02064997F922
:10131C0007305B09012000FA02F241F8232000BFDC
:10132C000C37BD4680BC704700E100E080B483B050
:10133C0000AF03463960FB7197F90730002B0ADBCD
:10134C003B68DAB20C4997F907301201D2B20B4460
:10135C0083F800230AE03B68DAB20849FB7903F012
:10136C000F03043B1201D2B20B441A7600BF0C37A8
:10137C00BD4680BC704700BF00E100E000ED00E01E
:10138C0080B489B000AFF860B9607A60FB6803F094
:10139C000703FB61FB69C3F10703042B28BF04237C
:1013AC00BB61FB690433062B02D9FB69033B00E0EC
:1013BC0000237B614FF0FF32BB6902FA03F3DA437F
:1013CC00BB681A407B699A404FF0FF317B6901FA88
:1013DC0003F3D9437B680B40134318462437BD46AF
:1013EC0080BC704780B582B000AF78607B68013BF1
:1013FC00B3F1807F01D301230FE00A4A7B68013BE4
:10140C0053600F214FF0FF30FFF790FF054B002288
:10141C009A60044B07221A60002318460837BD4611
:10142C0080BD00BF10E000E080B582B000AF7860F6
:10143C007868FFF72DFF00BF0837BD4680BD80B52B
:10144C0086B000AF0346B9607A60FB7300237B6102
:10145C00FFF742FF78617A68B9687869FFF790FF07
:10146C00024697F90F3011461846FFF75FFF00BF91
:10147C001837BD4680BD80B582B000AF0346FB7106
:10148C0097F907301846FFF735FF00BF0837BD4600
:10149C0080BD80B582B000AF78607868FFF7A2FF9E
:1014AC00034618460837BD4680BD80B584B000AFF2
:1014BC0078607B68002B01D10123E8E07B6893F80E
:1014CC009132DBB2002B06D17B68002283F890228C
:1014DC00786806F007F97B68032283F891227B6811
:1014EC0000225A717B681B68184602F0DEF97B6893
:1014FC0018687B6804330ECB02F0B4F90346002B5A
:10150C0005D07B68022283F891220123BFE07B681F
:10151C001B680021184602F0E2F90346002B05D0A7
:10152C007B68022283F891220123B0E00023FB7335
:10153C003EE0FA7B796813469B001344DB000B44B6
:10154C00113301221A70FA7B796813469B001344FD
:10155C00DB000B441033FA7B1A70FA7B7968134664
:10156C009B001344DB000B44133300221A70FA7BEC
:10157C00796813469B001344DB000B442033002294
:10158C001A60FA7B796813469B001344DB000B440A
:10159C00243300221A60FB7B79685A1C13469B008B
:1015AC001344DB000B4400221A60FB7B0133FB73FA
:1015BC007B681B79FA7B9A42BBD30023FB7344E014
:1015CC00FA7B796813469B001344DB000B4403F24F
:1015DC00511300221A70FA7B796813469B0013444E
:1015EC00DB000B4403F5A873FA7B1A70FA7B79685D
:1015FC0013469B001344DB000B4403F253130022ED
:10160C001A70FA7B796813469B001344DB000B4479
:10161C0003F5B07300221A60FA7B796813469B00BD
:10162C001344DB000B4403F5B27300221A60FA7BFF
:10163C00796813469B001344DB000B4403F5B47329
:10164C0000221A60FB7B0133FB737B681B79FA7BEE
:10165C009A42B5D37B6818687B6804330ECB02F0D2
:10166C004AF90346002B05D07B68022283F89122AD
:10167C0001230CE07B6800225A737B68012283F8FB
:10168C0091227B681B68184604F0C9FB002318469E
:10169C001037BD4680BD80B582B000AF78607B68E6
:1016AC0093F89032012B01D1022316E07B680122C2
:1016BC0083F890227B681B68184602F0E0F8012141
:1016CC00786806F03FFA7B681B68184604F09DFBAF
:1016DC007B68002283F89022002318460837BD4609
:1016EC0080BD80B588B000AF78607B681B681846F9
:1016FC0004F09FFBB861BB6903F40043002B03D0DB
:10170C00786800F003FB19E1BB6903F48063002BDC
:10171C0013D07B681B68B3F844309AB27B681B68A3
:10172C0022F4806292B2A3F84420786806F055F84F
:10173C000021786800F005F900E1BB6903F48043EF
:10174C00002B0CD07B681B68B3F844309AB27B68D2
:10175C001B6822F4804292B2A3F84420EEE0BB69ED
:10176C0003F40053002B0CD07B681B68B3F8443097
:10177C009AB27B681B6822F4005292B2A3F8442000
:10178C00DCE0BB6903F48053002B27D07B681B681B
:10179C00B3F840309AB27B681B6822F0040292B214
:1017AC00A3F840207B681B68B3F840309AB27B6882
:1017BC001B6822F0080292B2A3F84020786806F069
:1017CC0045F87B681B68B3F844309AB27B681B6899
:1017DC0022F4805292B2A3F84420AFE0BB6903F428
:1017EC000063002B00F083800023FB7710E07B6804
:1017FC001B681A46FB7F9B001A44FB7F128892B22F
:10180C005B0020333B4423F8182CFB7F0133FB7720
:10181C00FB7F072BEBD97B681B68B3F840309AB27F
:10182C007B681B6842F0010292B2A3F840207B68EF
:10183C001B68B3F840309AB27B681B6822F0010237
:10184C0092B2A3F8402000BF7B681B68B3F8443009
:10185C009BB203F48063002BF6D07B681B68B3F853
:10186C0044309AB27B681B6822F4806292B2A3F86F
:10187C0044200023FB770FE0FB7F7A681268114647
:10188C00FA7F92000A445B0020333B4433F8183C47
:10189C001380FB7F0133FB77FB7F072BECD97B6835
:1018AC001B68B3F840309AB27B681B6842F00802A0
:1018BC0092B2A3F840207B681B68B3F844309AB20C
:1018CC007B681B6822F4006292B2A3F844207B6808
:1018DC001B68B3F840309AB27B681B6842F0040274
:1018EC0092B2A3F84020786805F096FF26E0BB6919
:1018FC0003F40073002B0FD07B681B68B3F84430E3
:10190C009AB27B681B6822F4007292B2A3F844204E
:10191C00786805F054FF11E0BB6903F48073002B69
:10192C000CD07B681B68B3F844309AB27B681B6898
:10193C0022F4807292B2A3F8442000BF2037BD4637
:10194C0080BD80B582B000AF78600B46FB707B68C1
:10195C0093F89032012B01D1022312E07B68012213
:10196C0083F890227B68FA785A737B681B68FA7844
:10197C001146184604F036FA7B68002283F8902250
:10198C00002318460837BD4680BD80B584B000AF33
:10199C007860084611461A460346FB700B463B809E
:1019AC001346BB700023FB7297F90330002B0EDA41
:1019BC00FB7803F0070213469B001344DB00103343
:1019CC007A681344FB60FB6801225A700EE0FB78C6
:1019DC0003F0070213469B001344DB0003F5A873C6
:1019EC007A681344FB60FB6800225A70FB7803F0A2
:1019FC000703DAB2FB681A703A88FB681A61FB6855
:101A0C00BA78DA70BB78022B02D1FB6800221A710B
:101A1C007B6893F89032012B01D102230EE07B6896
:101A2C00012283F890227B681B68F968184601F044
:101A3C007FFF7B68002283F89022FB7A18461037D0
:101A4C00BD4680BD80B584B000AF78600B46FB709E
:101A5C0097F90330002B0EDAFB7803F007021346DC
:101A6C009B001344DB0010337A681344FB60FB6863
:101A7C0001225A700EE0FB7803F0070213469B001C
:101A8C001344DB0003F5A8737A681344FB60FB680E
:101A9C0000225A70FB7803F00703DAB2FB681A7065
:101AAC007B6893F89032012B01D102230EE07B6806
:101ABC00012283F890227B681B68F968184602F0B3
:101ACC00F7FA7B68002283F890220023184610371F
:101ADC00BD4680BD80B586B000AFF8607A603B60D3
:101AEC000B46FB72FB7A03F0070213469B00134470
:101AFC00DB0003F5A873FA6813447B617B697A6891
:101B0C005A617B693A689A617B690022DA617B6968
:101B1C0000225A70FB7A03F00703DAB27B691A7061
:101B2C00FB681B687969184602F0AEFC0023184666
:101B3C001837BD4680BD80B586B000AFF8607A60BE
:101B4C003B600B46FB72FB7A03F0070213469B00CB
:101B5C001344DB001033FA6813447B617B697A68A9
:101B6C005A617B693A689A617B69012283F8242067
:101B7C007B693A681A627B690022DA617B6901220F
:101B8C005A70FB7A03F00703DAB27B691A70FB68B0
:101B9C001B687969184602F077FC00231846183741
:101BAC00BD4680BD80B584B000AF78600B46FB703D
:101BBC00FB7803F007037A681279934201D9012369
:101BCC004CE097F90330002B0EDAFB7803F0070298
:101BDC0013469B001344DB0010337A681344FB60FC
:101BEC00FB6801225A700CE0FA7813469B001344F0
:101BFC00DB0003F5A8737A681344FB60FB680022D2
:101C0C005A70FB6801229A70FB7803F00703DAB272
:101C1C00FB681A707B6893F89032012B01D1022378
:101C2C001CE07B68012283F890227B681B68F968B2
:101C3C00184603F0DAFFFB7803F00703002B08D1FA
:101C4C007B681A687B6803F526731946104604F006
:101C5C00FFF87B68002283F8902200231846103787
:101C6C00BD4680BD80B584B000AF78600B46FB707C
:101C7C00FB7803F00F037A681279934201D90123A0
:101C8C0040E097F90330002B0EDAFB7803F00702E3
:101C9C0013469B001344DB0010337A681344FB603B
:101CAC00FB6801225A700EE0FB7803F00702134622
:101CBC009B001344DB0003F5A8737A681344FB60A4
:101CCC00FB6800225A70FB6800229A70FB7803F0C4
:101CDC000703DAB2FB681A707B6893F89032012B19
:101CEC0001D102230EE07B68012283F890227B68ED
:101CFC001B68F968184603F0C8FF7B68002283F85C
:101D0C009022002318461037BD4680BD80B596B092
:101D1C0000AF7860BBE37B681B68B3F84430A7F86E
:101D2C004E30B7F84E30DBB203F00F0387F84D306E
:101D3C0097F84D30002B40F07581B7F84E3003F01A
:101D4C001003002B4ED17B681B681B889BB223F4BD
:101D5C00E14323F07003FB817B681A68FB896FEA0F
:101D6C0043436FEA53439BB213807B6810337B650C
:101D7C007B681B68B3F850309BB21A467B6D1B789E
:101D8C00DB00134402335B007A681268134403F5DA
:101D9C0080631B88C3F309027B6DDA617B6D5A6922
:101DAC007B6DDB691A447B6D5A610021786805F004
:101DBC00ECFC7B685B7BDBB2002B00F068837B6DFB
:101DCC009B69002B40F063837B685B7BDBB263F029
:101DDC007F03DAB27B681B68A3F84C207B68002277
:101DEC005A7354E37B6803F5A8737B657B681B68A7
:101DFC001B88A7F84A30B7F84A3003F40063002B6D
:101E0C0034D07B681B68B3F850309BB21A467B6D9C
:101E1C001B78DB00134406335B007A6812681344AA
:101E2C0003F580631B88C3F309027B6DDA617B6861
:101E3C0018687B6803F526717B6DDA887B6DDB692E
:101E4C009BB204F055F87B681B681B889AB240F66D
:101E5C008F7313403B827B681B683A8A42F0800286
:101E6C0092B21A80786805F063FC10E3B7F94A3037
:101E7C00002B80F20C837B681B681B889AB240F69F
:101E8C008F731340FB837B681B68FA8B42F08002D4
:101E9C0092B21A807B681B68B3F850309BB21A461A
:101EAC007B6D1B78DB00134406335B007A68126889
:101EBC00134403F580631B88C3F309027B6DDA615D
:101ECC007B6DDB69002B19D07B6D5B69002B15D00A
:101EDC007B6818687B6D59697B6DDA887B6DDB6973
:101EEC009BB204F005F87B6D5A697B6DDB691A4473
:101EFC007B6D5A610021786805F02CFC7B681B68AF
:101F0C001B88A7F84A30B7F84A3003F40063002B5B
:101F1C0040F0BD82B7F84A3003F44053B3F5405F4C
:101F2C0000F0B5827B681B68BB617B681B68B3F8EB
:101F3C0050309BB21A46BB691344BB61BB6903F2B8
:101F4C000C437B617B691B889BB2C3F309039AB278
:101F5C007B691A807B6D1B693E2B1DD97B6D1B69C0
:101F6C005B097B647B6D1B6903F01F03002B02D1A3
:101F7C007B6C013B7B647B691B889AB27B6C9BB24C
:101F8C009B029BB213439BB26FEA43436FEA5343EA
:101F9C009AB27B691A8026E07B6D1B69002B0AD1F3
:101FAC007B691B889BB26FEA43436FEA53439AB237
:101FBC007B691A8017E07B6D1B695B087B647B6D0A
:101FCC001B6903F00103002B02D07B6C01337B6493
:101FDC007B691B889AB27B6C9BB29B029BB21343AE
:101FEC009AB27B691A807B681B681B889BB223F4AE
:101FFC00804323F070037B827B8A83F480537B8243
:10200C007B8A83F400537B827B681A687B8A43F05B
:10201C007F4343F47F0343F4004343F080039BB2BC
:10202C00138034E27B681B681A4697F84D309B008E
:10203C0013441B88A7F84A30B7F94A30002B80F2BA
:10204C00FC807B681B681A4697F84D309B00134444
:10205C001B889AB240F68F731340A7F848307B6800
:10206C001B681A4697F84D309B001344B7F848206C
:10207C0042F0800292B21A8097F84D2013469B00D2
:10208C001344DB0003F5A8737A6813447B657B6DFE
:10209C001B7B002B25D17B681B68B3F850309BB29F
:1020AC001A467B6D1B78DB00134406335B007A68A1
:1020BC001268134403F580631B88C3F30903A7F864
:1020CC005030B7F85030002B00F092807B681868C5
:1020DC007B6D59697B6DDA88B7F8503003F008FFD7
:1020EC0086E07B6DDB78022B0AD1B7F84A301A46B2
:1020FC00796D786800F0D9F90346A7F8503077E08D
:10210C007B681B681A467B6D1B789B0013441B88ED
:10211C009BB223F4E04323F07003A7F852307B68A2
:10212C001B681A467B6D1B789B001A44B7F852301B
:10213C0043F07F4343F47F0343F4004343F0C00375
:10214C009BB213807B681B681A467B6D1B789B00C7
:10215C0013441B889BB203F48043002B24D07B6870
:10216C001B68B3F850309BB21A467B6D1B78DB00B2
:10217C00134402335B007A681268134403F58063DE
:10218C001B88C3F30903A7F85030B7F85030002B65
:10219C002ED07B6818687B6D59697B6D1A89B7F8EE
:1021AC00503003F0A5FE23E07B681B68B3F8503079
:1021BC009BB21A467B6D1B78DB00134406335B0025
:1021CC007A681268134403F580631B88C3F3090310
:1021DC00A7F85030B7F85030002B09D07B6818683E
:1021EC007B6D59697B6D5A89B7F8503003F080FECE
:1021FC007B6DDA69B7F850301A447B6DDA617B6D10
:10220C005A69B7F850301A447B6D5A617B6D9B69E3
:10221C00002B05D0B7F850207B6D1B699A4206D273
:10222C007B6D1B781946786805F094FA05E07B689D
:10223C001B68796D184602F027F9B7F84A3003F09D
:10224C008003002B00F0238197F84D2013469B0050
:10225C001344DB0010337A6813447B657B681B687E
:10226C001A4697F84D309B0013441B889BB223F4FD
:10227C00E14323F07003A7F842307B681B681A46D1
:10228C0097F84D309B001A44B7F842306FEA43433D
:10229C006FEA53439BB213807B6DDB78012B40F0CC
:1022AC00A2807B6D00229A617B6D1B7B002B00F062
:1022BC009380B7F84A3003F04003002B46D07B6D77
:1022CC005B78002B26D17B681B687B627B681B6864
:1022DC00B3F850309BB21A467B6A13447B627B6D19
:1022EC001B781A017B6A134403F204433B623B6A7A
:1022FC001B889BB2C3F309039AB23B6A1A803B6AF0
:10230C001B889BB26FEA43436FEA53439AB23B6A12
:10231C001A8061E07B6D5B78012B5DD17B681B685B
:10232C00FB627B681B68B3F850309BB21A46FB6AA1
:10233C001344FB627B6D1B781A01FB6A134403F296
:10234C000443BB62BB6A00221A8045E07B681B68B1
:10235C00FB637B6D5B78002B26D17B681B687B63F2
:10236C007B681B68B3F850309BB21A467B6B1344E6
:10237C007B637B6D1B781A017B6B134403F20C435C
:10238C003B633B6B1B889BB2C3F309039AB23B6B59
:10239C001A803B6B1B889BB26FEA43436FEA534333
:1023AC009AB23B6B1A8017E07B6D5B78012B13D1D3
:1023BC007B681B68B3F850309BB21A46FB6B134416
:1023CC00FB637B6D1B781A01FB6B134403F20C430C
:1023DC00BB63BB6B00221A807B6D1B781946786837
:1023EC0005F0D3F953E0B7F84A3003F48073002BAF
:1023FC0046D17B681B68B3F850309BB21A467B6D94
:10240C001B78DB00134402335B007A6812681344B8
:10241C0003F580631B88C3F30903A7F840307B6D79
:10242C009A69B7F840309A4207D97B6D9A69B7F828
:10243C004030D21A7B6D9A6102E07B6D00229A616A
:10244C007B6D9B69002B06D17B6D1B7819467868D8
:10245C0005F09BF91BE07B6D5A69B7F840301A44C4
:10246C007B6D5A617B6DDA69B7F840301A447B6D2D
:10247C00DA617B681B68796D184602F005F806E096
:10248C00B7F84A301A46796D786800F01BF97B680A
:10249C001B68B3F844309BB21BB2002BFFF63BAC6D
:1024AC00002318465837BD4680BD80B588B000AFB4
:1024BC00F860B9601346FB80FB8803F48043002B63
:1024CC007ED0FB681B68B3F850309BB21A46BB68D1
:1024DC001B78DB00134402335B00FA681268134468
:1024EC0003F580631B88C3F309037B83BB689A697C
:1024FC007B8B9A4206D3BB689A697B8BD21ABB68DA
:10250C009A6102E0BB6800229A61BB689B69002B50
:10251C0023D1FB681B681A46BB681B789B001344CD
:10252C001B889BB223F4804323F070033B833B8BCB
:10253C0083F400533B83FB681B681A46BB681B780B
:10254C009B001A443B8B43F07F4343F47F0343F4DB
:10255C00004343F080039BB21380FB8803F04003DD
:10256C00002B1FD0FB681B681A46BB681B789B00AE
:10257C0013441B889BB223F4E04323F07003FB82CB
:10258C00FB681B681A46BB681B789B001A44FB8AC5
:10259C0043F07F4343F47F0343F4004343F0C00311
:1025AC009BB213807B8B002B00F08780FB68186834
:1025BC00BB685969BB681A897B8B03F099FC7CE07A
:1025CC00FB681B68B3F850309BB21A46BB681B788B
:1025DC00DB00134406335B00FA681268134403F5FE
:1025EC0080631B88C3F309037B83BB689A697B8B6D
:1025FC009A4206D3BB689A697B8BD21ABB689A61E4
:10260C0002E0BB6800229A61BB689B69002B23D156
:10261C00FB681B681A46BB681B789B0013441B881D
:10262C009BB223F4804323F07003FB83FB8B83F476
:10263C000053FB83FB681B681A46BB681B789B0026
:10264C001A44FB8B43F07F4343F47F0343F4004372
:10265C0043F080039BB21380FB8803F04003002BF4
:10266C001FD1FB681B681A46BB681B789B00134480
:10267C001B889BB223F4E04323F07003BB83FB68FD
:10268C001B681A46BB681B789B001A44BB8B43F033
:10269C007F4343F47F0343F4004343F0C0039BB2F6
:1026AC0013807B8B002B08D0FB681868BB685969BA
:1026BC00BB685A897B8B03F01BFC7B8B184620373D
:1026CC00BD4680BD80B5A4B000AFF860B9601346BC
:1026DC00FB80FB8803F04003002B00F0DD81FB68DE
:1026EC001B68B3F850309BB21A46BB681B78DB00F2
:1026FC00134402335B00FA681268134403F58063D9
:10270C001B88C3F30903A7F88630BB689A69B7F82E
:10271C0086309A4207D9BB689A69B7F88630D21AC4
:10272C00BB689A6102E0BB6800229A61BB689B6936
:10273C00002B40F0B980BB685B78002B26D1FB687E
:10274C001B68FB62FB681B68B3F850309BB21A46DF
:10275C00FB6A1344FB62BB681B781A01FB6A1344C7
:10276C0003F20443BB62BB6A1B889BB2C3F309032D
:10277C009AB2BB6A1A80BB6A1B889BB26FEA43434E
:10278C006FEA53439AB2BB6A1A801AE0BB685B7853
:10279C00012B16D1FB681B687B63FB681B68B3F8C5
:1027AC0050309BB21A467B6B13447B63BB681B781F
:1027BC001A017B6B134403F204433B633B6B002213
:1027CC001A80FB681B687B62BB685B78002B26D188
:1027DC00FB681B68FB61FB681B68B3F850309BB24D
:1027EC001A46FB691344FB61BB681B781A01FB6931
:1027FC00134403F20C43BB61BB691B889BB2C3F34C
:10280C0009039AB2BB691A80BB691B889BB26FEA39
:10281C0043436FEA53439AB2BB691A8017E0BB6813
:10282C005B78012B13D1FB681B68B3F850309BB25B
:10283C001A467B6A13447B62BB681B781A017B6A5D
:10284C00134403F20C433B623B6A00221A80BB68C0
:10285C001B781946F86804F098FFFB8803F4804352
:10286C00002B00F0FC82FB681B681A46BB681B78C7
:10287C009B0013441B889BB223F4E04323F07003AA
:10288C00FB82FB681B681A46BB681B789B001A44CA
:10289C00FB8A43F07F4343F47F0343F4404343F00C
:1028AC0080039BB21380DAE2FB8803F48043002B95
:1028BC0021D0FB681B681A46BB681B789B0013442D
:1028CC001B889BB223F4E04323F07003A7F88A30F3
:1028DC00FB681B681A46BB681B789B001A44B7F848
:1028EC008A3043F07F4343F47F0343F4404343F087
:1028FC0080039BB21380BB6893F82430012B40F00B
:10290C00AE82BB685A69B7F886301A44BB685A6104
:10291C00BB68DA69B7F886301A44BB68DA61BB6801
:10292C001A6ABB681B699A420BD3BB681B69C7F850
:10293C008C30BB681A6AD7F88C30D21ABB681A6212
:10294C0017E0BB681B6A002B08D1B7F88630C7F8B4
:10295C008C30BB68002283F824200AE0BB6800227C
:10296C0083F82420BB681B6AC7F88C30BB68002234
:10297C001A62BB685B78002B65D1FB681B68FB6334
:10298C00FB681B68B3F850309BB21A46FB6B1344C0
:10299C00FB63BB681B781A01FB6B134403F2044303
:1029AC00BB63BB6B1B889BB2C3F309039AB2BB6BB3
:1029BC001A80D7F88C303E2B1DD9D7F88C305B0998
:1029CC00BB64D7F88C3003F01F03002B02D1BB6C17
:1029DC00013BBB64BB6B1B889AB2BB6C9BB29B026A
:1029EC009BB213439BB26FEA43436FEA53439AB2D1
:1029FC00BB6B1A8044E0D7F88C30002B0AD1BB6B30
:102A0C001B889BB26FEA43436FEA53439AB2BB6B8A
:102A1C001A8035E0D7F88C305B08BB64D7F88C3063
:102A2C0003F00103002B02D0BB6C0133BB64BB6B06
:102A3C001B889AB2BB6C9BB29B029BB213439AB29B
:102A4C00BB6B1A801CE0BB685B78012B18D1FB6850
:102A5C001B687B64FB681B68B3F850309BB21A464A
:102A6C007B6C13447B64BB681B781A017B6C13442E
:102A7C0003F204433B64D7F88C309AB23B6C1A8057
:102A8C00FB681868BB685969BB681A89D7F88C3021
:102A9C009BB203F0E8F9E2E1FB681B68B3F8503035
:102AAC009BB21A46BB681B78DB00134406335B00F1
:102ABC00FA681268134403F580631B88C3F3090397
:102ACC00A7F88630BB689A69B7F886309A4207D364
:102ADC00BB689A69B7F88630D21ABB689A6102E073
:102AEC00BB6800229A61BB689B69002B40F0C080D8
:102AFC00BB685B78002B26D1FB681B68FB67FB6807
:102B0C001B68B3F850309BB21A46FB6F1344FB673B
:102B1C00BB681B781A01FB6F134403F20443BB67B9
:102B2C00BB6F1B889BB2C3F309039AB2BB6F1A80AD
:102B3C00BB6F1B889BB26FEA43436FEA53439AB255
:102B4C00BB6F1A801AE0BB685B78012B16D1FB684F
:102B5C001B687B66FB681B68B3F850309BB21A4647
:102B6C007B6E13447B66BB681B781A017B6E134427
:102B7C0003F204433B663B6E00221A80FB681B6821
:102B8C007B67BB685B78002B2BD1FB681B68FB66F3
:102B9C00FB681B68B3F850309BB21A46FB6E1344AB
:102BAC00FB66BB681B781A01FB6E134403F20C43E3
:102BBC00C7F88030D7F880301B889BB2C3F3090369
:102BCC009AB2D7F880301A80D7F880301B889BB225
:102BDC006FEA43436FEA53439AB2D7F880301A80B6
:102BEC0017E0BB685B78012B13D1FB681B68B3F84B
:102BFC0050309BB21A467B6F13447B67BB681B78C3
:102C0C001A017B6F134403F20C433B673B6F0022AA
:102C1C001A80BB681B781946F86804F0B6FDFB886F
:102C2C0003F48043002B40F01A81FB681B681A46A2
:102C3C00BB681B789B0013441B889BB223F4E043B6
:102C4C0023F07003A7F88830FB681B681A46BB6832
:102C5C001B789B001A44B7F8883043F07F4343F449
:102C6C007F0343F4404343F080039BB21380F6E0B0
:102C7C00FB8803F48043002B21D1FB681B681A46A8
:102C8C00BB681B789B0013441B889BB223F4E04366
:102C9C0023F07003A7F84E30FB681B681A46BB681C
:102CAC001B789B001A44B7F84E3043F07F4343F433
:102CBC007F0343F4404343F080039BB21380BB6813
:102CCC0093F82430012B40F0CA80BB685A69B7F8DE
:102CDC0086301A44BB685A61BB68DA69B7F886302B
:102CEC001A44BB68DA61BB681A6ABB681B699A42F2
:102CFC000BD3BB681B69C7F88C30BB681A6AD7F852
:102D0C008C30D21ABB681A6217E0BB681B6A002BA6
:102D1C0008D1B7F88630C7F88C30BB68002283F82E
:102D2C0024200AE0BB681B6AC7F88C30BB68002201
:102D3C001A62BB68002283F82420FB681B687B6541
:102D4C00BB685B78002B65D1FB681B68FB65FB6877
:102D5C001B68B3F850309BB21A46FB6D1344FB65ED
:102D6C00BB681B781A01FB6D134403F20C43BB6563
:102D7C00BB6D1B889BB2C3F309039AB2BB6D1A805F
:102D8C00D7F88C303E2B1DD9D7F88C305B09BB663D
:102D9C00D7F88C3003F01F03002B02D1BB6E013B24
:102DAC00BB66BB6D1B889AB2BB6E9BB29B029BB27F
:102DBC0013439BB26FEA43436FEA53439AB2BB6D22
:102DCC001A8041E0D7F88C30002B0AD1BB6D1B88E0
:102DDC009BB26FEA43436FEA53439AB2BB6D1A80BE
:102DEC0032E0D7F88C305B08BB66D7F88C3003F038
:102DFC000103002B02D0BB6E0133BB66BB6D1B887D
:102E0C009AB2BB6E9BB29B029BB213439AB2BB6D40
:102E1C001A8019E0BB685B78012B15D1FB681B6825
:102E2C00B3F850309BB21A467B6D13447B65BB687C
:102E3C001B781A017B6D134403F20C433B65D7F8E6
:102E4C008C309AB23B6D1A80FB681868BB68596964
:102E5C00BB685A89D7F88C309BB203F004F8FB6836
:102E6C001B681A46BB681B789B0013441B889BB2DB
:102E7C0023F4E04323F04003BB82BB8A83F01003AE
:102E8C00BB82BB8A83F02003BB82FB681B681A469B
:102E9C00BB681B789B001A44BB8A43F07F4343F406
:102EAC007F0343F4004343F080039BB21380002361
:102EBC0018469037BD4680BD80B487B000AFF8602F
:102ECC007B600B467B8113463B817B8903F080033F
:102EDC009BB2002B0BD07B8903F0070213469B009F
:102EEC001344DB001033FA6813447B6109E07A89E0
:102EFC0013469B001344DB0003F5A873FA681344D4
:102F0C007B613B89002B07D17B6900221A737B689C
:102F1C009AB27B69DA800BE07B6901221A737B68B9
:102F2C009AB27B691A817B681B0C9AB27B695A81B5
:102F3C00002318461C37BD4680BC704780B586B050
:102F4C0000AF78607B68002B01D1012372E27B68B3
:102F5C001B6803F00103002B00F08780924B5B6829
:102F6C0003F00C03042B0CD08F4B5B6803F00C03A9
:102F7C00082B12D18C4B5B6803F48033B3F5803F84
:102F8C000BD1894B1B6803F40033002B6CD07B688E
:102F9C005B68002B68D101234CE27B685B68B3F55E
:102FAC00803F06D1804B1B687F4A43F4803313600B
:102FBC002EE07B685B68002B0CD17B4B1B687A4A3C
:102FCC0023F480331360784B1B68774A23F48023F7
:102FDC0013601DE07B685B68B3F5A02F0CD1724BBE
:102FEC001B68714A43F4802313606F4B1B686E4A55
:102FFC0043F4803313600BE06B4B1B686A4A23F479
:10300C0080331360684B1B68674A23F4802313607A
:10301C007B685B68002B13D0FEF730F9386108E051
:10302C00FEF72CF902463B69D31A642B01D9032312
:10303C0000E25D4B1B6803F40033002BF0D014E06E
:10304C00FEF71CF9386108E0FEF718F902463B69F7
:10305C00D31A642B01D90323ECE1534B1B6803F403
:10306C000033002BF0D100E000BF7B681B6803F03D
:10307C000203002B63D04C4B5B6803F00C03002B5A
:10308C000BD0494B5B6803F00C03082B1CD1464B4F
:10309C005B6803F48033002B16D1434B1B6803F0A1
:1030AC000203002B05D07B681B69012B01D0012387
:1030BC00C0E13D4B1B6823F0F8027B685B69DB00C9
:1030CC00394913430B603AE07B681B69002B20D015
:1030DC00364B01221A60FEF7D1F8386108E0FEF792
:1030EC00CDF802463B69D31A022B01D90323A1E187
:1030FC002D4B1B6803F00203002BF0D02A4B1B68EE
:10310C0023F0F8027B685B69DB00274913430B60F3
:10311C0015E0264B00221A60FEF7B0F8386108E083
:10312C00FEF7ACF802463B69D31A022B01D90323F4
:10313C0080E11D4B1B6803F00203002BF0D17B6870
:10314C001B6803F00803002B3AD07B689B69002BAB
:10315C0019D0174B01221A60FEF790F8386108E07D
:10316C00FEF78CF802463B69D31A022B01D90323D4
:10317C0060E10D4B5B6A03F00203002BF0D00120E1
:10318C0000F09CFA1CE00A4B00221A60FEF776F85D
:10319C0038610FE0FEF772F802463B69D31A022B36
:1031AC0008D9032346E100BF001002400000424250
:1031BC0080044242924B5B6A03F00203002BE9D17C
:1031CC007B681B6803F00403002B00F0A68000232F
:1031DC00FB758B4BDB6903F08053002B0DD1884BB7
:1031EC00DB69874A43F08053D361854BDB6903F07D
:1031FC008053BB60BB680123FB75824B1B6803F4D7
:10320C008073002B18D17F4B1B687E4A43F480736C
:10321C001360FEF733F8386108E0FEF72FF802462A
:10322C003B69D31A642B01D9032303E1754B1B684B
:10323C0003F48073002BF0D07B68DB68012B06D184
:10324C006F4B1B6A6E4A43F0010313622DE07B68DF
:10325C00DB68002B0CD16A4B1B6A694A23F0010313
:10326C001362674B1B6A664A23F0040313621CE06B
:10327C007B68DB68052B0CD1614B1B6A604A43F001
:10328C00040313625E4B1B6A5D4A43F00103136235
:10329C000BE05B4B1B6A5A4A23F001031362584B39
:1032AC001B6A574A23F0040313627B68DB68002B0C
:1032BC0015D0FDF7E3FF38610AE0FDF7DFFF0246AA
:1032CC003B69D31A41F28832934201D90323B1E00E
:1032DC004B4B1B6A03F00203002BEED014E0FDF7FE
:1032EC00CDFF38610AE0FDF7C9FF02463B69D31AEE
:1032FC0041F28832934201D903239BE0404B1B6A75
:10330C0003F00203002BEED1FB7D012B05D13C4BCE
:10331C00DB693B4A23F08053D3617B68DB69002B6C
:10332C0000F08780364B5B6803F00C03082B61D0F0
:10333C007B68DB69022B46D1334B00221A60FDF708
:10334C009DFF386108E0FDF799FF02463B69D31AEF
:10335C00022B01D903236DE0294B1B6803F000738A
:10336C00002BF0D17B681B6AB3F5803F08D1244B4E
:10337C005B6823F400327B689B68214913434B60E4
:10338C001F4B5B6823F474127B68196A7B685B6A59
:10339C000B431B4913434B601B4B01221A60FDF777
:1033AC006DFF386108E0FDF769FF02463B69D31AEF
:1033BC00022B01D903233DE0114B1B6803F0007372
:1033CC00002BF0D035E0104B00221A60FDF756FFB1
:1033DC00386108E0FDF752FF02463B69D31A022B15
:1033EC0001D9032326E0064B1B6803F00073002B66
:1033FC00F0D11EE07B68DB69012B07D1012319E0BA
:10340C000010024000700040600042420B4B5B68B1
:10341C00FB60FB6803F480327B681B6A9A4206D11E
:10342C00FB6803F470127B685B6A9A4201D001233B
:10343C0000E0002318461837BD4680BD001002403E
:10344C0080B584B000AF786039607B68002B01D107
:10345C000123D0E06A4B1B6803F007033A689A42D9
:10346C0010D9674B1B6823F0070265493B6813436F
:10347C000B60634B1B6803F007033A689A4201D058
:10348C000123B8E07B681B6803F00203002B20D0FB
:10349C007B681B6803F00403002B05D0594B5B6859
:1034AC00584A43F4E06353607B681B6803F00803DD
:1034BC00002B05D0534B5B68524A43F46053536066
:1034CC00504B5B6823F0F0027B689B684D491343BB
:1034DC004B607B681B6803F00103002B40D07B68BA
:1034EC005B68012B07D1474B1B6803F40033002B9F
:1034FC0015D101237FE07B685B68022B07D1414B20
:10350C001B6803F00073002B09D1012373E03D4BC2
:10351C001B6803F00203002B01D101236BE0394B34
:10352C005B6823F003027B685B68364913434B608E
:10353C00FDF7A4FEF8600AE0FDF7A0FE0246FB686A
:10354C00D31A41F28832934201D9032353E02D4B15
:10355C005B6803F00C027B685B689B009A42EBD1C2
:10356C00274B1B6803F007033A689A4210D2244B8E
:10357C001B6823F0070222493B6813430B60204B66
:10358C001B6803F007033A689A4201D0012332E02A
:10359C007B681B6803F00403002B08D0194B5B6895
:1035AC0023F4E0627B68DB68164913434B607B684D
:1035BC001B6803F00803002B09D0124B5B6823F443
:1035CC0060527B681B69DB000E4913434B6000F0B3
:1035DC0021F802460B4B5B681B0903F00F030A49E9
:1035EC00CB5C22FA03F3094A1360094B1B6818469B
:1035FC00FDF702FE002318461037BD4680BD00BF04
:10360C000020024000100240508C000814000020E2
:10361C001800002080B487B000AF0023FB600023AB
:10362C00BB6000237B6100237B6000233B611E4B4E
:10363C005B68FB60FB6803F00C03042B02D0082BC7
:10364C0003D027E0194B3B6127E0FB689B0C03F090
:10365C000F03174AD35C7B60FB6803F48033002BA9
:10366C0010D0114B5B685B0C03F00103114AD35C67
:10367C00BB607B680D4A03FB02F2BB68B2FBF3F341
:10368C007B6104E07B680C4A02FB03F37B617B6982
:10369C003B6102E0054B3B6100BF3B6918461C37A0
:1036AC00BD4680BC704700BF0010024000127A007B
:1036BC00608C0008708C000800093D0080B485B057
:1036CC0000AF78600A4B1B680A4AA2FB03235B0A13
:1036DC007A6802FB03F3FB6000BFFB685A1EFA60BA
:1036EC00002BF9D100BF00BF1437BD4680BC70471A
:1036FC0014000020D34D621080B586B000AF786006
:10370C0000233B610023FB607B681B6803F0010313
:10371C00002B7DD00023FB754F4BDB6903F08053EE
:10372C00002B0DD14C4BDB694B4A43F08053D361DA
:10373C00494BDB6903F08053BB60BB680123FB750D
:10374C00464B1B6803F48073002B18D1434B1B684A
:10375C00424A43F480731360FDF790FD386108E032
:10376C00FDF78CFD02463B69D31A642B01D9032368
:10377C006DE03A4B1B6803F48073002BF0D0364B92
:10378C001B6A03F44073FB60FB68002B2ED07B6834
:10379C005B6803F44073FA689A4227D02E4B1B6A7D
:1037AC0023F44073FB602E4B01221A602C4B002239
:1037BC001A60294AFB681362FB6803F00103002BB3
:1037CC0014D0FDF75BFD38610AE0FDF757FD0246AA
:1037DC003B69D31A41F28832934201D9032336E074
:1037EC001D4B1B6A03F00203002BEED01A4B1B6A15
:1037FC0023F440727B685B68174913430B62FB7DB3
:10380C00012B05D1144BDB69134A23F08053D36190
:10381C007B681B6803F00203002B08D00E4B5B681F
:10382C0023F440427B689B680B4913434B607B68D5
:10383C001B6803F01003002B08D0074B5B6823F4C4
:10384C0080027B68DB68044913434B6000231846F5
:10385C001837BD4680BD00BF00100240007000400C
:10386C004004424280B485B000AFF860384680E82E
:10387C000E00002318461437BD4680BC704780B438
:10388C0085B000AF78607B680022A3F844204FF429
:10389C003F43FB60FB689AB27B68A3F8402000238F
:1038AC0018461437BD4680BC704780B485B000AF55
:1038BC0078604FF43F43FB607B68B3F840309AB2BA
:1038CC00FB689BB2DB439BB213409AB27B68A3F8B4
:1038DC004020002318461437BD4680BC704780B486
:1038EC0083B000AF78600B46FB70002318460C3792
:1038FC00BD4680BC704780B485B000AFF8603846D8
:10390C0080E80E00FB680122A3F84020FB6800222F
:10391C00A3F84020FB680022A3F84420FB68002297
:10392C00A3F85020002318461437BD4680BC7047BE
:10393C0080B49DB000AF78603960002387F86F3099
:10394C007A683B681B789B0013441B889BB223F45A
:10395C00EC4323F07003A7F86C303B68DB78032B47
:10396C001FD801A252F823F085390008A1390008AC
:10397C00B739000893390008B7F86C3043F400737A
:10398C00A7F86C3012E0B7F86C3043F4C063A7F8BA
:10399C006C300BE0B7F86C3043F48063A7F86C30F4
:1039AC0004E0012387F86F3000E000BF7A683B68C1
:1039BC001B789B001A44B7F86C3043F07F4343F4F8
:1039CC007F0343F4004343F080039BB213807A6877
:1039DC003B681B789B0013441B889BB223F4E04389
:1039EC0023F070039BB23A6812781343A7F8663041
:1039FC007A683B681B789B001A44B7F8663043F032
:103A0C007F4343F47F0343F4004343F080039BB2B2
:103A1C0013803B681B7B002B40F078813B685B7804
:103A2C00002B00F084807B68BB617B68B3F850305E
:103A3C009BB21A46BB691344BB613B681B781A01E5
:103A4C00BB69134403F580637B613B68DB885B08CF
:103A5C009BB25B009AB27B691A807A683B681B78D0
:103A6C009B0013441B887B827B8A03F04003002B52
:103A7C001BD07A683B681B789B0013441B889BB255
:103A8C0023F4E04323F070033B827A683B681B7895
:103A9C009B001A443B8A43F07F4343F47F0343F477
:103AAC00004343F0C0039BB213803B68DB78012BCF
:103ABC0020D07A683B681B789B0013441B889BB210
:103ACC0023F4E04323F04003BB81BB8983F0200344
:103ADC00BB817A683B681B789B001A44BB8943F016
:103AEC007F4343F47F0343F4004343F080039BB2D2
:103AFC001380D5E27A683B681B789B0013441B88C3
:103B0C009BB223F4E04323F04003FB817A683B68CB
:103B1C001B789B001A44FB8943F07F4343F47F03DB
:103B2C0043F4004343F080039BB21380B8E27B68FC
:103B3C003B637B68B3F850309BB21A463B6B134423
:103B4C003B633B681B781A013B6B134403F58163A1
:103B5C00FB623B68DB885B089BB25B009AB2FB6A3A
:103B6C001A807B68BB627B68B3F850309BB21A46F4
:103B7C00BB6A1344BB623B681B781A01BB6A1344D3
:103B8C0003F20C437B627B6A1B889BB2C3F3090371
:103B9C009AB27B6A1A803B681B693E2B1DD93B6825
:103BAC001B695B09BB663B681B6903F01F03002B99
:103BBC0002D1BB6E013BBB667B6A1B889AB2BB6EA3
:103BCC009BB29B029BB213439BB26FEA43436FEAD7
:103BDC0053439AB27B6A1A8026E03B681B69002B20
:103BEC000AD17B6A1B889BB26FEA43436FEA53434B
:103BFC009AB27B6A1A8017E03B681B695B08BB664C
:103C0C003B681B6903F00103002B02D0BB6E013330
:103C1C00BB667B6A1B889AB2BB6E9BB29B029BB243
:103C2C0013439AB27B6A1A807A683B681B789B00B4
:103C3C0013441B887B847B8C03F48043002B1BD0A8
:103C4C007A683B681B789B0013441B889BB223F457
:103C5C00E04323F070033B847A683B681B789B003D
:103C6C001A443B8C43F07F4343F47F0343F44043BB
:103C7C0043F080039BB213803B681B78002B24D14C
:103C8C007A683B681B789B0013441B889BB223F417
:103C9C00804323F07003BB83BB8B83F48053BB83C3
:103CAC00BB8B83F40053BB837A683B681B789B0007
:103CBC001A44BB8B43F07F4343F47F0343F400432C
:103CCC0043F080039BB21380EAE17A683B681B786F
:103CDC009B0013441B889BB223F4804323F0700396
:103CEC00FB83FB8B83F40053FB837A683B681B7864
:103CFC009B001A44FB8B43F07F4343F47F0343F454
:103D0C00004343F080039BB21380C9E13B68DB782E
:103D1C00022B1ED17A683B681B789B0013441B88CE
:103D2C009BB223F4E04323F07003A7F862307A6867
:103D3C003B681B789B001A44B7F8623043F07F4312
:103D4C0043F47F0343F4014343F080039BB213809D
:103D5C001DE07A683B681B789B0013441B889BB260
:103D6C0023F4E24323F07003A7F864307A683B68CD
:103D7C001B789B001A44B7F8643043F07F4343F43C
:103D8C007F0343F4004343F080039BB213807B68B2
:103D9C00FB657B68B3F850309BB21A46FB6D13443D
:103DAC00FB653B681B781A01FB6D134403F58063BC
:103DBC00BB653B681B895B089BB25B009AB2BB6D11
:103DCC001A807B687B657B68B3F850309BB21A46CF
:103DDC007B6D13447B653B681B781A017B6D134428
:103DEC0003F581633B653B685B895B089BB25B00B9
:103DFC009AB23B6D1A803B685B78002B40F0938045
:103E0C007A683B681B789B0013441B88A7F84030EA
:103E1C00B7F8403003F48043002B1BD07A683B6822
:103E2C001B789B0013441B889BB223F4E04323F0C4
:103E3C007003FB877A683B681B789B001A44FB8FE6
:103E4C0043F07F4343F47F0343F4404343F0800348
:103E5C009BB213807A683B681B789B0013441B88C9
:103E6C00BB87BB8F03F04003002B1BD07A683B68E9
:103E7C001B789B0013441B889BB223F4E04323F074
:103E8C0070037B877A683B681B789B001A447B8F96
:103E9C0043F07F4343F47F0343F4004343F0C003F8
:103EAC009BB213807A683B681B789B0013441B8879
:103EBC009BB223F4804323F070033B873B8F83F446
:103ECC0080533B873B8F83F400533B877A683B6876
:103EDC001B789B001A443B8F43F07F4343F47F03D2
:103EEC0043F4004343F080039BB213807A683B6831
:103EFC001B789B0013441B889BB223F4E04323F0F4
:103F0C004003FB867A683B681B789B001A44FB8E47
:103F1C0043F07F4343F47F0343F4004343F08003B7
:103F2C009BB21380BCE07A683B681B789B001344FF
:103F3C001B88A7F84E30B7F84E3003F48043002BA3
:103F4C001DD07A683B681B789B0013441B889BB27E
:103F5C0023F4E04323F07003A7F84C307A683B68F5
:103F6C001B789B001A44B7F84C3043F07F4343F462
:103F7C007F0343F4404343F080039BB213807A6881
:103F8C003B681B789B0013441B88A7F84A30B7F892
:103F9C004A3003F04003002B1DD07A683B681B7835
:103FAC009B0013441B889BB223F4E04323F0700363
:103FBC00A7F848307A683B681B789B001A44B7F81E
:103FCC00483043F07F4343F47F0343F4004343F012
:103FDC00C0039BB213803B68DB78012B24D07A683A
:103FEC003B681B789B0013441B889BB223F4E04373
:103FFC0023F04003A7F84430B7F8443083F0200393
:10400C00A7F844307A683B681B789B001A44B7F8D1
:10401C00443043F07F4343F47F0343F4004343F0C5
:10402C0080039BB213801DE07A683B681B789B0071
:10403C0013441B889BB223F4E04323F04003A7F8FE
:10404C0046307A683B681B789B001A44B7F84630B8
:10405C0043F07F4343F47F0343F4004343F0800376
:10406C009BB213807A683B681B789B0013441B88B7
:10407C009BB223F4804323F07003A7F842307A6894
:10408C003B681B789B001A44B7F8423043F07F43DF
:10409C0043F47F0343F4004343F080039BB213804B
:1040AC0097F86F3018467437BD4680BC704700BF18
:1040BC0080B48DB000AF786039603B681B7B002BFF
:1040CC0040F08E803B685B78002B44D07A683B686C
:1040DC001B789B0013441B88BB81BB8903F04003F6
:1040EC00002B1BD07A683B681B789B0013441B8801
:1040FC009BB223F4E04323F070037B817A683B6826
:10410C001B789B001A447B8943F07F4343F47F0365
:10411C0043F4004343F0C0039BB213807A683B68BE
:10412C001B789B0013441B889BB223F4E04323F0C1
:10413C0040033B817A683B681B789B001A443B899F
:10414C0043F07F4343F47F0343F4004343F0800385
:10415C009BB2138092E17A683B681B789B001344F6
:10416C001B887B827B8A03F48043002B1BD07A68EC
:10417C003B681B789B0013441B889BB223F4E043E1
:10418C0023F070033B827A683B681B789B001A44CF
:10419C003B8A43F07F4343F47F0343F4404343F0B3
:1041AC0080039BB213807A683B681B789B00134496
:1041BC001B889BB223F4804323F07003FB817A6845
:1041CC003B681B789B001A44FB8943F07F4343F404
:1041DC007F0343F4004343F080039BB213804DE113
:1041EC003B685B78002B40F0A5807A683B681B78B5
:1041FC009B0013441B883B843B8C03F48043002BB3
:10420C001BD07A683B681B789B0013441B889BB2BD
:10421C0023F4E04323F07003FB837A683B681B783C
:10422C009B001A44FB8B43F07F4343F47F0343F41E
:10423C00404343F080039BB213807A683B681B7841
:10424C009B0013441B88BB83BB8B03F04003002BE8
:10425C001BD07A683B681B789B0013441B889BB26D
:10426C0023F4E04323F070037B837A683B681B786C
:10427C009B001A447B8B43F07F4343F47F0343F44E
:10428C00004343F0C0039BB213807A683B681B78F1
:10429C009B0013441B889BB223F4E04323F0700370
:1042AC003B837A683B681B789B001A443B8B43F03A
:1042BC007F4343F47F0343F4004343F0C0039BB2BA
:1042CC0013807A683B681B789B0013441B889BB255
:1042DC0023F4804323F07003FB827A683B681B78DD
:1042EC009B001A44FB8A43F07F4343F47F0343F45F
:1042FC00004343F080039BB213807A683B681B78C1
:10430C009B0013441B889BB223F4E04323F040032F
:10431C00BB827A683B681B789B001A44BB8A43F0CB
:10432C007F4343F47F0343F4004343F080039BB289
:10433C001380A3E07A683B681B789B0013441B88AE
:10434C00FB85FB8D03F48043002B1BD07A683B6804
:10435C001B789B0013441B889BB223F4E04323F08F
:10436C007003BB857A683B681B789B001A44BB8D35
:10437C0043F07F4343F47F0343F4404343F0800313
:10438C009BB213807A683B681B789B0013441B8894
:10439C007B857B8D03F04003002B1BD07A683B6838
:1043AC001B789B0013441B889BB223F4E04323F03F
:1043BC0070033B857A683B681B789B001A443B8DE5
:1043CC0043F07F4343F47F0343F4004343F0C003C3
:1043DC009BB213807A683B681B789B0013441B8844
:1043EC009BB223F4E04323F07003FB847A683B68B0
:1043FC001B789B001A44FB8C43F07F4343F47F03F0
:10440C0043F4404343F080039BB213807A683B68CB
:10441C001B789B0013441B889BB223F4E04323F0CE
:10442C004003BB847A683B681B789B001A44BB8CA6
:10443C0043F07F4343F47F0343F4004343F0800392
:10444C009BB213807A683B681B789B0013441B88D3
:10445C009BB223F4804323F070037B847A683B681F
:10446C001B789B001A447B8C43F07F4343F47F03FF
:10447C0043F4004343F080039BB21380002318469F
:10448C003437BD4680BC704780B5C2B000AF07F56D
:10449C008473A3F58273186007F58473A3F5847392
:1044AC00196007F58473A3F584731B685B78012B83
:1044BC0040F0B78607F58473A3F584731B689A697B
:1044CC0007F58473A3F584731B681B699A4208D99A
:1044DC0007F58473A3F584731B681B69C7F8043153
:1044EC0007E007F58473A3F584731B689B69C7F811
:1044FC00043107F58473A3F584731B681B7B002BB5
:10450C003AD107F58473A3F584731B68596907F5D1
:10451C008473A3F584731B68DA88D7F804319BB2D3
:10452C0007F58470A0F58270006801F09CFC07F51B
:10453C008473A3F582731B683B6107F58473A3F541
:10454C0082731B68B3F850309BB21A463B69134414
:10455C003B6107F58473A3F584731B681B781A0100
:10456C003B69134403F20443FB60D7F804319AB25D
:10457C00FB681A8000F01FBE07F58473A3F58473E3
:10458C001B68DB78022B40F0628407F58473A3F57B
:10459C0084731B681A6A07F58473A3F584731B680C
:1045AC001B699A4240F2DF8307F58473A3F582738B
:1045BC001A6807F58473A3F584731B681B789B003A
:1045CC0013441B889BB223F4E04323F07003A7F839
:1045DC00563007F58473A3F582731A6807F5847354
:1045EC00A3F584731B681B789B001A44B7F85630EC
:1045FC0043F07F4343F47F0343F4014343F08003D0
:10460C009BB2138007F58473A3F584731B681A6A35
:10461C00D7F80431D21A07F58473A3F584731B6899
:10462C001A6207F58473A3F582731A6807F584730D
:10463C00A3F584731B681B789B0013441B889BB2E7
:10464C0003F04003002B00F0C78107F58473A3F53A
:10465C0082731B683B6307F58473A3F584731B6833
:10466C005B78002B77D107F58473A3F582731B68F5
:10467C00BB6207F58473A3F582731B68B3F85030E3
:10468C009BB21A46BB6A1344BB6207F58473A3F54D
:10469C0084731B681B781A01BB6A134403F20C4326
:1046AC007B627B6A1B889BB2C3F309039AB27B6A59
:1046BC001A80D7F804313E2B21D9D7F804315B0985
:1046CC00C7F80031D7F8043103F01F03002B04D1D5
:1046DC00D7F80031013BC7F800317B6A1B889AB2CE
:1046EC00D7F800319BB29B029BB213439BB26FEA8B
:1046FC0043436FEA53439AB27B6A1A8050E0D7F86F
:10470C000431002B0AD17B6A1B889BB26FEA4343AE
:10471C006FEA53439AB27B6A1A8041E0D7F80431AE
:10472C005B08C7F80031D7F8043103F00103002B04
:10473C0004D0D7F800310133C7F800317B6A1B88ED
:10474C009AB2D7F800319BB29B029BB213439AB238
:10475C007B6A1A8024E007F58473A3F584731B68C5
:10476C005B78012B1CD107F58473A3F582731B684E
:10477C00B3F850309BB21A463B6B13443B6307F5BE
:10478C008473A3F584731B681B781A013B6B134469
:10479C0003F20C43FB62D7F804319AB2FB6A1A801D
:1047AC0007F58473A3F584731B685B89A7F87630CF
:1047BC0007F58473A3F584731B685969D7F8043122
:1047CC009BB2B7F8762007F58470A0F5827000686C
:1047DC0001F049FB07F58473A3F584731B685A69D0
:1047EC00D7F804311A4407F58473A3F584731B6856
:1047FC005A6107F58473A3F584731B681A6A07F56D
:10480C008473A3F584731B681B699A420FD907F54F
:10481C008473A3F584731B681A6AD7F80431D21A0F
:10482C0007F58473A3F584731B681A620EE007F511
:10483C008473A3F584731B681B6AC7F8043107F5EE
:10484C008473A3F584731B6800221A6207F58473C2
:10485C00A3F584731B685B78002B77D107F5847301
:10486C00A3F582731B68BB6107F58473A3F5827390
:10487C001B68B3F850309BB21A46BB691344BB613A
:10488C0007F58473A3F584731B681B781A01BB6945
:10489C00134403F204437B617B691B889BB2C3F313
:1048AC0009039AB27B691A80D7F804313E2B21D9BF
:1048BC00D7F804315B09C7F8FC30D7F8043103F0A2
:1048CC001F03002B04D1D7F8FC30013BC7F8FC3098
:1048DC007B691B889AB2D7F8FC309BB29B029BB2C7
:1048EC0013439BB26FEA43436FEA53439AB27B691B
:1048FC001A8056E0D7F80431002B0AD17B691B884B
:10490C009BB26FEA43436FEA53439AB27B691A80B6
:10491C0047E0D7F804315B08C7F8FC30D7F804310E
:10492C0003F00103002B04D0D7F8FC300133C7F897
:10493C00FC307B691B889AB2D7F8FC309BB29B0287
:10494C009BB213439AB27B691A802AE007F58473F1
:10495C00A3F584731B685B78012B22D107F5847354
:10496C00A3F582731B683B6207F58473A3F582730E
:10497C001B68B3F850309BB21A463B6A13443B6237
:10498C0007F58473A3F584731B681B781A013B6AC3
:10499C00134403F20443FB61D7F804319AB2FB6968
:1049AC001A8007F58473A3F584731B681B89A7F819
:1049BC00763007F58473A3F584731B685969D7F8AF
:1049CC0004319BB2B7F8762007F58470A0F582709D
:1049DC00006801F048FAEEE307F58473A3F58473DD
:1049EC001B685B78002B77D107F58473A3F5827372
:1049FC001B68BB6407F58473A3F582731B68B3F85B
:104A0C0050309BB21A46BB6C1344BB6407F58473DD
:104A1C00A3F584731B681B781A01BB6C134403F257
:104A2C0004437B647B6C1B889BB2C3F309039AB26F
:104A3C007B6C1A80D7F804313E2B21D9D7F804317E
:104A4C005B09C7F8F830D7F8043103F01F03002BCB
:104A5C0004D1D7F8F830013BC7F8F8307B6C1B88D1
:104A6C009AB2D7F8F8309BB29B029BB213439BB21D
:104A7C006FEA43436FEA53439AB27B6C1A8056E059
:104A8C00D7F80431002B0AD17B6C1B889BB26FEAE0
:104A9C0043436FEA53439AB27B6C1A8047E0D7F8D2
:104AAC0004315B08C7F8F830D7F8043103F0010380
:104ABC00002B04D0D7F8F8300133C7F8F8307B6CF2
:104ACC001B889AB2D7F8F8309BB29B029BB2134367
:104ADC009AB27B6C1A802AE007F58473A3F5847371
:104AEC001B685B78012B22D107F58473A3F58273C5
:104AFC001B683B6507F58473A3F582731B68B3F8D9
:104B0C0050309BB21A463B6D13443B6507F58473DA
:104B1C00A3F584731B681B781A013B6D134403F2D5
:104B2C000443FB64D7F804319AB2FB6C1A8007F586
:104B3C008473A3F584731B681B89A7F8763007F57B
:104B4C008473A3F584731B685969D7F804319BB23D
:104B5C00B7F8762007F58470A0F58270006801F034
:104B6C0082F907F58473A3F584731B685A69D7F827
:104B7C0004311A4407F58473A3F584731B685A61D6
:104B8C0007F58473A3F584731B681A6A07F584739D
:104B9C00A3F584731B681B699A420FD907F58473BC
:104BAC00A3F584731B681A6AD7F80431D21A07F577
:104BBC008473A3F584731B681A620EE007F5847383
:104BCC00A3F584731B681B6AC7F8043107F584735B
:104BDC00A3F584731B6800221A6207F58473A3F58E
:104BEC0082731B683B6407F58473A3F584731B689D
:104BFC005B78002B77D107F58473A3F582731B6860
:104C0C00BB6307F58473A3F582731B68B3F850304C
:104C1C009BB21A46BB6B1344BB6307F58473A3F5B5
:104C2C0084731B681B781A01BB6B134403F20C438F
:104C3C007B637B6B1B889BB2C3F309039AB27B6BC0
:104C4C001A80D7F804313E2B21D9D7F804315B09EF
:104C5C00C7F8F430D7F8043103F01F03002B04D14C
:104C6C00D7F8F430013BC7F8F4307B6B1B889AB251
:104C7C00D7F8F4309BB29B029BB213439BB26FEA02
:104C8C0043436FEA53439AB27B6B1A8050E0D7F8D8
:104C9C000431002B0AD17B6B1B889BB26FEA434318
:104CAC006FEA53439AB27B6B1A8041E0D7F8043118
:104CBC005B08C7F8F430D7F8043103F00103002B7C
:104CCC0004D0D7F8F4300133C7F8F4307B6B1B8871
:104CDC009AB2D7F8F4309BB29B029BB213439AB2B0
:104CEC007B6B1A8024E007F58473A3F584731B682F
:104CFC005B78012B1CD107F58473A3F582731B68B9
:104D0C00B3F850309BB21A463B6C13443B6407F526
:104D1C008473A3F584731B681B781A013B6C1344D2
:104D2C0003F20C43FB63D7F804319AB2FB6B1A8085
:104D3C0007F58473A3F584731B685B89A7F8763039
:104D4C0007F58473A3F584731B685969D7F804318C
:104D5C009BB2B7F8762007F58470A0F582700068D6
:104D6C0001F081F827E207F58473A3F584731B68BF
:104D7C001B6AC7F8043107F58473A3F582731A68AC
:104D8C0007F58473A3F584731B681B789B0013448D
:104D9C001B889BB223F4E24323F07003A7F8623024
:104DAC0007F58473A3F582731A6807F58473A3F56A
:104DBC0084731B681B789B001A44B7F8623043F06D
:104DCC007F4343F47F0343F4004343F080039BB2DF
:104DDC00138007F58473A3F582731B68FB6507F5D5
:104DEC008473A3F582731B68B3F850309BB21A46D8
:104DFC00FB6D1344FB6507F58473A3F584731B6883
:104E0C001B781A01FB6D134403F20443BB65D7F8FE
:104E1C0004319AB2BB6D1A8007F58473A3F58473C1
:104E2C001B681B89A7F8763007F58473A3F5847388
:104E3C001B685969D7F804319BB2B7F8762007F58F
:104E4C008470A0F58270006801F00DF8B3E107F5ED
:104E5C008473A3F584731B681A6AD7F80431D21AC9
:104E6C0007F58473A3F584731B681A6207F58473C2
:104E7C00A3F582731A6807F58473A3F584731B6812
:104E8C001B789B0013441B889BB203F04003002B40
:104E9C0000F0C68007F58473A3F582731B683B672B
:104EAC0007F58473A3F584731B685B78002B77D1AB
:104EBC0007F58473A3F582731B68BB6607F58473CF
:104ECC00A3F582731B68B3F850309BB21A46BB6EC5
:104EDC001344BB6607F58473A3F584731B681B78B6
:104EEC001A01BB6E134403F20C437B667B6E1B886A
:104EFC009BB2C3F309039AB27B6E1A80D7F80431C4
:104F0C003E2B21D9D7F804315B09C7F8F030D7F81C
:104F1C00043103F01F03002B04D1D7F8F030013B10
:104F2C00C7F8F0307B6E1B889AB2D7F8F0309BB282
:104F3C009B029BB213439BB26FEA43436FEA53430A
:104F4C009AB27B6E1A8050E0D7F80431002B0AD14C
:104F5C007B6E1B889BB26FEA43436FEA53439AB252
:104F6C007B6E1A8041E0D7F804315B08C7F8F0304B
:104F7C00D7F8043103F00103002B04D0D7F8F0303C
:104F8C000133C7F8F0307B6E1B889AB2D7F8F0303B
:104F9C009BB29B029BB213439AB27B6E1A8024E0A5
:104FAC0007F58473A3F584731B685B78012B1CD104
:104FBC0007F58473A3F582731B68B3F850309BB26A
:104FCC001A463B6F13443B6707F58473A3F5847350
:104FDC001B681B781A013B6F134403F20C43FB66EE
:104FEC00D7F804319AB2FB6E1A8007F58473A3F5D7
:104FFC0084731B685B89A7F8763007F58473A3F577
:10500C0084731B685969D7F804319BB2B7F87620C2
:10501C0007F58470A0F58270006800F024FFCAE0E8
:10502C0007F58473A3F584731B685B78002B77D129
:10503C0007F58473A3F582731B68FB6707F584730C
:10504C00A3F582731B68B3F850309BB21A46FB6F02
:10505C001344FB6707F58473A3F584731B681B78F3
:10506C001A01FB6F134403F20443BB67BB6F1B882D
:10507C009BB2C3F309039AB2BB6F1A80D7F8043101
:10508C003E2B21D9D7F804315B09C7F8EC30D7F89F
:10509C00043103F01F03002B04D1D7F8EC30013B93
:1050AC00C7F8EC30BB6F1B889AB2D7F8EC309BB2C8
:1050BC009B029BB213439BB26FEA43436FEA534389
:1050CC009AB2BB6F1A805CE0D7F80431002B0AD17E
:1050DC00BB6F1B889BB26FEA43436FEA53439AB290
:1050EC00BB6F1A804DE0D7F804315B08C7F8EC3081
:1050FC00D7F8043103F00103002B04D0D7F8EC30BF
:10510C000133C7F8EC30BB6F1B889AB2D7F8EC3080
:10511C009BB29B029BB213439AB2BB6F1A8030E0D6
:10512C0007F58473A3F584731B685B78012B28D176
:10513C0007F58473A3F582731B68C7F8843007F5F1
:10514C008473A3F582731B68B3F850309BB21A4674
:10515C00D7F884301344C7F8843007F58473A3F56B
:10516C0084731B681B781A01D7F88430134403F23C
:10517C000443C7F88030D7F804319AB2D7F880309E
:10518C001A8007F58473A3F584731B681B89A7F831
:10519C00763007F58473A3F584731B685969D7F8C7
:1051AC0004319BB2B7F8762007F58470A0F58270B5
:1051BC00006800F058FE07F58473A3F582731A6833
:1051CC0007F58473A3F584731B681B789B00134449
:1051DC001B889BB223F4E04323F040037B817B8943
:1051EC0083F010037B817B8983F020037B8107F59F
:1051FC008473A3F582731A6807F58473A3F584731B
:10520C001B681B789B001A447B8943F07F4343F453
:10521C007F0343F4004343F080039BB2138000F000
:10522C00DEBC07F58473A3F584731B681B7B002B12
:10523C0040F0BB8007F58473A3F584731B689A69EF
:10524C0007F58473A3F584731B681B699A4217D9FD
:10525C0007F58473A3F584731B681B69C7F80431C5
:10526C0007F58473A3F584731B689A69D7F8043126
:10527C00D21A07F58473A3F584731B689A610EE048
:10528C0007F58473A3F584731B689B69C7F8043115
:10529C0007F58473A3F584731B6800229A6107F5E4
:1052AC008473A3F582731B68C7F8903007F5847379
:1052BC00A3F582731B68B3F850309BB21A46D7F82B
:1052CC0090301344C7F8903007F58473A3F58473BA
:1052DC001B681B781A01D7F89030134403F20C4367
:1052EC00C7F88C30D7F88C301B889BB2C3F30903FA
:1052FC009AB2D7F88C301A80D7F804313E2B24D9C7
:10530C00D7F804315B09C7F8E830D7F8043103F05B
:10531C001F03002B04D1D7F8E830013BC7F8E83065
:10532C00D7F88C301B889AB2D7F8E8309BB29B0226
:10533C009BB213439BB26FEA43436FEA53439AB257
:10534C00D7F88C301A8000F010BCD7F80431002B41
:10535C000CD1D7F88C301B889BB26FEA43436FEAB1
:10536C0053439AB2D7F88C301A80FEE3D7F8043145
:10537C005B08C7F8E830D7F8043103F00103002BC1
:10538C0004D0D7F8E8300133C7F8E830D7F88C30C0
:10539C001B889AB2D7F8E8309BB29B029BB213439E
:1053AC009AB2D7F88C301A80DFE307F58473A3F533
:1053BC0084731B68DB78022B40F0188207F584732A
:1053CC00A3F584731B685B78002B40F09D8007F578
:1053DC008473A3F582731B68C7F8AC3007F584732C
:1053EC00A3F582731B68B3F850309BB21A46D7F8FA
:1053FC00AC301344C7F8AC3007F58473A3F5847351
:10540C001B681B781A01D7F8AC30134403F2044321
:10541C00C7F8A830D7F8A8301B889BB2C3F3090390
:10542C009AB2D7F8A8301A8007F58473A3F5847361
:10543C001B681B693E2B2BD907F58473A3F584736A
:10544C001B681B695B09C7F8E43007F58473A3F587
:10545C0084731B681B6903F01F03002B04D1D7F85E
:10546C00E430013BC7F8E430D7F8A8301B889AB277
:10547C00D7F8E4309BB29B029BB213439BB26FEA0A
:10548C0043436FEA53439AB2D7F8A8301A8070E0BE
:10549C0007F58473A3F584731B681B69002B0CD16F
:1054AC00D7F8A8301B889BB26FEA43436FEA53438B
:1054BC009AB2D7F8A8301A805BE007F58473A3F58D
:1054CC0084731B681B695B08C7F8E43007F58473A9
:1054DC00A3F584731B681B6903F00103002B04D034
:1054EC00D7F8E4300133C7F8E430D7F8A8301B887C
:1054FC009AB2D7F8E4309BB29B029BB213439AB298
:10550C00D7F8A8301A8034E007F58473A3F58473B8
:10551C001B685B78012B2CD107F58473A3F5827380
:10552C001B68C7F8B43007F58473A3F582731B6846
:10553C00B3F850309BB21A46D7F8B4301344C7F8BE
:10554C00B43007F58473A3F584731B681B781A01B8
:10555C00D7F8B430134403F20443C7F8B03007F55E
:10556C008473A3F584731B681B699AB2D7F8B030A7
:10557C001A8007F58473A3F582731B68C7F8A430EF
:10558C0007F58473A3F584731B685B78002B40F0DC
:10559C009D8007F58473A3F582731B68C7F89C3054
:1055AC0007F58473A3F582731B68B3F850309BB274
:1055BC001A46D7F89C301344C7F89C3007F584730F
:1055CC00A3F584731B681B781A01D7F89C3013441D
:1055DC0003F20C43C7F89830D7F898301B889BB26D
:1055EC00C3F309039AB2D7F898301A8007F584737D
:1055FC00A3F584731B681B693E2B2BD907F58473A9
:10560C00A3F584731B681B695B09C7F8E03007F5C9
:10561C008473A3F584731B681B6903F01F03002BB1
:10562C0004D1D7F8E030013BC7F8E030D7F8983018
:10563C001B889AB2D7F8E0309BB29B029BB2134303
:10564C009BB26FEA43436FEA53439AB2D7F8983050
:10565C001A8069E007F58473A3F584731B681B69D2
:10566C00002B0CD1D7F898301B889BB26FEA4343C0
:10567C006FEA53439AB2D7F898301A8054E007F582
:10568C008473A3F584731B681B695B08C7F8E0304F
:10569C0007F58473A3F584731B681B6903F001037E
:1056AC00002B04D0D7F8E0300133C7F8E030D7F83E
:1056BC0098301B889AB2D7F8E0309BB29B029BB211
:1056CC0013439AB2D7F898301A802DE007F58473FB
:1056DC00A3F584731B685B78012B25D107F58473C4
:1056EC00A3F582731B68B3F850309BB21A46D7F8F7
:1056FC00A4301344C7F8A43007F58473A3F584735E
:10570C001B681B781A01D7F8A430134403F20C431E
:10571C00C7F8A03007F58473A3F584731B681B6965
:10572C009AB2D7F8A0301A8007F58473A3F5847366
:10573C001B68DB69002B00F0188207F58473A3F556
:10574C0082731A6807F58473A3F584731B681B783E
:10575C009B0013441B88A7F89630B7F8963003F4D7
:10576C008043002B05D0B7F8963003F04003002B94
:10577C000DD1B7F8963003F48043002B40F0F5813F
:10578C00B7F8963003F04003002B40F0EE8107F59C
:10579C008473A3F582731A6807F58473A3F5847375
:1057AC001B681B789B0013441B889BB223F4E043BB
:1057BC0023F07003A7F8943007F58473A3F5827374
:1057CC001A6807F58473A3F584731B681B789B0018
:1057DC001A44B7F8943043F07F4343F47F0343F407
:1057EC00004343F0C0039BB21380BEE107F5847302
:1057FC00A3F584731B68DB78012B40F0B48107F5AB
:10580C008473A3F584731B689A6907F58473A3F5F5
:10581C0084731B681B699A4217D907F58473A3F527
:10582C0084731B681B69C7F8043107F58473A3F5EF
:10583C0084731B689A69D7F80431D21A07F58473FC
:10584C00A3F584731B689A610EE007F58473A3F5C6
:10585C0084731B689B69C7F8043107F58473A3F53F
:10586C0084731B6800229A6107F58473A3F5847313
:10587C001B685B78002B40F0858007F58473A3F5DB
:10588C0082731B68C7F8CC3007F58473A3F5827359
:10589C001B68B3F850309BB21A46D7F8CC3013447F
:1058AC00C7F8CC3007F58473A3F584731B681B7899
:1058BC001A01D7F8CC30134403F20443C7F8C830AC
:1058CC00D7F8C8301B889BB2C3F309039AB2D7F838
:1058DC00C8301A80D7F804313E2B23D9D7F80431BD
:1058EC005B09C7F8DC30D7F8043103F01F03002B39
:1058FC0004D1D7F8DC30013BC7F8DC30D7F8C8301E
:10590C001B889AB2D7F8DC309BB29B029BB2134334
:10591C009BB26FEA43436FEA53439AB2D7F8C8304D
:10592C001A8060E0D7F80431002B0CD1D7F8C830BE
:10593C001B889BB26FEA43436FEA53439AB2D7F882
:10594C00C8301A804FE0D7F804315B08C7F8DC3058
:10595C00D7F8043103F00103002B04D0D7F8DC3066
:10596C000133C7F8DC30D7F8C8301B889AB2D7F8A7
:10597C00DC309BB29B029BB213439AB2D7F8C8306F
:10598C001A8030E007F58473A3F584731B685B7889
:10599C00012B28D107F58473A3F582731B68C7F814
:1059AC00D43007F58473A3F582731B68B3F85030B9
:1059BC009BB21A46D7F8D4301344C7F8D43007F545
:1059CC008473A3F584731B681B781A01D7F8D43041
:1059DC00134403F20443C7F8D030D7F804319AB219
:1059EC00D7F8D0301A8007F58473A3F582731B683F
:1059FC00C7F8C43007F58473A3F584731B685B7810
:105A0C00002B40F0858007F58473A3F582731B6827
:105A1C00C7F8BC3007F58473A3F582731B68B3F821
:105A2C0050309BB21A46D7F8BC301344C7F8BC3080
:105A3C0007F58473A3F584731B681B781A01D7F8D8
:105A4C00BC30134403F20C43C7F8B830D7F8B83065
:105A5C001B889BB2C3F309039AB2D7F8B8301A80EB
:105A6C00D7F804313E2B23D9D7F804315B09C7F89A
:105A7C00D830D7F8043103F01F03002B04D1D7F82A
:105A8C00D830013BC7F8D830D7F8B8301B889AB259
:105A9C00D7F8D8309BB29B029BB213439BB26FEAF0
:105AAC0043436FEA53439AB2D7F8B8301A805CE09C
:105ABC00D7F80431002B0CD1D7F8B8301B889BB227
:105ACC006FEA43436FEA53439AB2D7F8B8301A805F
:105ADC004BE0D7F804315B08C7F8D830D7F804315D
:105AEC0003F00103002B04D0D7F8D8300133C7F8EA
:105AFC00D830D7F8B8301B889AB2D7F8D8309BB2C8
:105B0C009B029BB213439AB2D7F8B8301A802CE0A0
:105B1C0007F58473A3F584731B685B78012B24D180
:105B2C0007F58473A3F582731B68B3F850309BB2EE
:105B3C001A46D7F8C4301344C7F8C43007F5847339
:105B4C00A3F584731B681B781A01D7F8C43013446F
:105B5C0003F20C43C7F8C030D7F804319AB2D7F827
:105B6C00C0301A8001E001233AE007F58473A3F5F5
:105B7C0082731A6807F58473A3F584731B681B780A
:105B8C009B0013441B889BB223F4804323F07003C7
:105B9C00A7F88A30B7F88A3083F48053A7F88A3094
:105BAC00B7F88A3083F40053A7F88A3007F584736A
:105BBC00A3F582731A6807F58473A3F584731B68C5
:105BCC001B789B001A44B7F88A3043F07F4343F4A8
:105BDC007F0343F4004343F080039BB21380002304
:105BEC00184607F58477BD4680BD80B485B000AFFC
:105BFC00786039603B685B78002B20D07A683B6812
:105C0C001B789B0013441B889BB223F4E04323F0C6
:105C1C004003BB81BB8983F01003BB817A683B686E
:105C2C001B789B001A44BB8943F07F4343F47F03EA
:105C3C0043F4004343F080039BB213801FE07A6867
:105C4C003B681B789B0013441B889BB223F4804356
:105C5C0023F07003FB81FB8983F48053FB817A680A
:105C6C003B681B789B001A44FB8943F07F4343F449
:105C7C007F0343F4004343F080039BB21380002363
:105C8C0018461437BD4680BC704780B487B000AF4F
:105C9C00786039603B681B7B002B40F09D803B6833
:105CAC005B78002B4CD07A683B681B789B001344C4
:105CBC001B883B823B8A03F04003002B1BD07A6885
:105CCC003B681B789B0013441B889BB223F4E04376
:105CDC0023F07003FB817A683B681B789B001A44A5
:105CEC00FB8943F07F4343F47F0343F4004343F0C9
:105CFC00C0039BB213803B68DB78012B6CD07A68B5
:105D0C003B681B789B0013441B889BB223F4E04335
:105D1C0023F04003BB81BB8983F02003BB817A68ED
:105D2C003B681B789B001A44BB8943F07F4343F4C8
:105D3C007F0343F4004343F080039BB213804BE09A
:105D4C007A683B681B789B0013441B88FB82FB8A98
:105D5C0003F48043002B1BD07A683B681B789B00B4
:105D6C0013441B889BB223F4E04323F07003BB82E3
:105D7C007A683B681B789B001A44BB8A43F07F43CC
:105D8C0043F47F0343F4404343F080039BB21380FE
:105D9C007A683B681B789B0013441B889BB223F4E6
:105DAC00804323F070037B827B8A83F480537B8255
:105DBC007B8A83F400537B827A683B681B789B0058
:105DCC001A447B8A43F07F4343F47F0343F400433C
:105DDC0043F080039BB21380002318461C37BD464A
:105DEC0080BC704780B483B000AF78600B46FB700A
:105DFC00FB78002B03D17B688022A3F84C20002376
:105E0C0018460C37BD4680BC704780B483B000AFD9
:105E1C007860002318460C37BD4680BC704780B4B0
:105E2C0083B000AF7860002318460C37BD4680BCA9
:105E3C00704780B485B000AF78607B68B3F84430AD
:105E4C009BB2FB60FB6818461437BD4680BC70479C
:105E5C0080B483B000AF78603960002318460C37EB
:105E6C00BD4680BC704780B48BB000AFF860B960A1
:105E7C0011461A460B46FB801346BB80BB88013388
:105E8C005B08BB61FB687B61BB68FB61FB885A00EC
:105E9C007B69134403F580633B62BB697B621EE044
:105EAC00FB691B787B82FB6901331B781B021AB2DE
:105EBC00B7F9123013431BB27B823B6A7A8A1A8081
:105ECC003B6A02333B623B6A02333B62FB69013340
:105EDC00FB61FB690133FB617B6A013B7B627B6A83
:105EEC00002BDDD100BF00BF2C37BD4680BC7047F6
:105EFC0080B48BB000AFF860B96011461A460B46FF
:105F0C00FB801346BB80BB885B089BB2BB61FB6804
:105F1C007B61BB68FB61FB885A007B69134403F50A
:105F2C0080633B62BB697B621BE03B6A1B889BB254
:105F3C003B613B6A02333B623B69DAB2FB691A7024
:105F4C00FB690133FB613B691B0ADAB2FB691A700E
:105F5C00FB690133FB613B6A02333B627B6A013BA9
:105F6C007B627B6A002BE0D1BB8803F001039BB200
:105F7C00002B07D03B6A1B889BB23B613B69DAB2B2
:105F8C00FB691A7000BF2C37BD4680BC70470000FF
:105F9C0080B582B000AF78600B46FB700C4A7B6812
:105FAC001360102303228121786801F0B8FC1023C0
:105FBC0003220121786801F0B2FC1023054A01216B
:105FCC00786801F09CFD002318460837BD4680BD5B
:105FDC00F40100200802002080B582B000AF786088
:105FEC000B46FB70074B00221A608121786801F088
:105FFC00BCFC0121786801F0B8FC00231846083776
:10600C00BD4680BDF401002080B483B000AF786041
:10601C000B46FB70044B00221A70002318460C37F9
:10602C00BD4680BC704700BFF801002080B584B02D
:10603C0000AF78600B46FB707B68D3F8BC32FB601A
:10604C00FB7803F07F03FB707B68D3F8C012FA78FF
:10605C0013469B001344DB000B4403F5B6731B681B
:10606C007B81FB68002B09D0FB681B68002B05D0DB
:10607C00FB681B687A891146064898471023054A25
:10608C000121786801F03BFD002318461037BD460E
:10609C0080BD00BF0802002080B582B000AF002395
:1060AC00FB70324B1B78DBB2012B59D0304B1B6889
:1060BC00402B02D12E4B00221A602D4B1A682D4B0F
:1060CC001B689A4204D1294B00221A70002348E025
:1060DC00274B1A68274B1B689A4206D9244B1B681E
:1060EC00C3F14003244A136006E0224B1A68204B8C
:1060FC001B68D31A204A13601F4B1B68102B0FD937
:10610C001B4B1B68FB801023BB80194B1B68103387
:10611C00174A1360184B1B68103B174A13600FE0AB
:10612C00134B1B68FB80144B1B68BB80124B1A680B
:10613C000F4B1B6813440E4A13600F4B00221A605E
:10614C000A4B01221A700D4B1868FB880C4A1A4432
:10615C00BB88812101F0B0FC0346FB70FB7800E0AA
:10616C00012318460837BD4680BD00BFF80100204A
:10617C0000020020FC01002004020020F401002099
:10618C004802002080B584B000AF78600B467B805D
:10619C007B68002B05D07B88002B02D07B88402BA2
:1061AC0001D902231DE00023FB8113E0FB897A68EF
:1061BC001A440E4B1B68591C0C48016011780C4A90
:1061CC00D1540A4B1B6803F03F03084A1360FB8948
:1061DC000133FB81FA897B889A42E7D3FFF75CFF96
:1061EC00034618461037BD4680BD00BFFC01002099
:1061FC004802002080B483B000AF78607B686522D1
:10620C001A80034B18460C37BD4680BC704700BF44
:10621C005800002080B485B000AF7860396002234C
:10622C00FB733B68002B05D07B683A68C3F8BC2233
:10623C000023FB73FB7B18461437BD4680BC7047AC
:10624C0080B584B000AFF860B9601346FB71FB6891
:10625C00002B01D102231AE0FB68D3F8B432002BD7
:10626C0003D0FB680022C3F8B422BB68002B03D018
:10627C00FB68BA68C3F8B022FB68012283F89C2241
:10628C00FB68FA791A70F86801F0EEFA00231846E8
:10629C001037BD4680BD80B485B000AF78603960E2
:1062AC000023FB733B68002B06D07B683A68C3F86D
:1062BC00B4220023FB7301E00223FB73FB7B184623
:1062CC001437BD4680BC704780B582B000AF786093
:1062DC00786801F009FB002318460837BD4680BDDD
:1062EC0080B483B000AF7860002318460C37BD46ED
:1062FC0080BC704780B584B000AF78600B46FB70F3
:10630C000223FB737B68D3F8B432002B0CD07B6870
:10631C00D3F8B4321B68FA7811467868984703466C
:10632C00002B01D10023FB73FB7B18461037BD46B5
:10633C0080BD80B582B000AF78600B46FB707B6887
:10634C00D3F8B4325B68FA78114678689847002322
:10635C0018460837BD4680BD80B582B000AF786066
:10636C0039607B6803F52A733968184600F0D7FE4C
:10637C007B680122C3F894227B68B3F8AE321A46CC
:10638C007B68C3F898227B6893F8A83203F01F034C
:10639C00022B16D0022B1CD8002B02D0012B08D0BC
:1063AC0017E07B6803F52A731946786800F0CAF980
:1063BC001AE07B6803F52A731946786800F02CFA0A
:1063CC0012E07B6803F52A731946786800F06CFAC2
:1063DC000AE07B6893F8A83223F07F03DBB21946FE
:1063EC00786801F0E1FA00BF002318460837BD4673
:1063FC0080BD80B586B000AFF8600B467A60FB724A
:10640C00FB7A002B4BD1FB6803F5AA737B61FB680D
:10641C00D3F89432032B34D17B69DA687B691B691E
:10642C009A4219D97B69DA687B691B69D21A7B6934
:10643C00DA607B69DA687B691B699A4203D27B69F3
:10644C00DB689BB202E07B691B699BB21A467968D8
:10645C00F86800F035FF38E0FB68D3F8B4321B69FC
:10646C00002B0AD0FB6893F89C32032B05D1FB68F8
:10647C00D3F8B4321B69F8689847F86800F032FF1B
:10648C0023E0FB68D3F89432052B1ED1FB68002265
:10649C00C3F894220021F86801F086FA15E0FB6835
:1064AC00D3F8B4329B69002B0DD0FB6893F89C3267
:1064BC00032B08D1FB68D3F8B4329B69FA7A1146E6
:1064CC00F868984701E0022300E0002318461837CB
:1064DC00BD4680BD80B586B000AFF8600B467A60D3
:1064EC00FB72FB7A002B7FD1FB6814337B61FB685A
:1064FC00D3F89432022B5CD17B69DA687B691B6917
:10650C009A4215D97B69DA687B691B69D21A7B6957
:10651C00DA607B69DB689BB21A467968F86800F030
:10652C00BDFE002300220021F86801F0E8FA4EE0DD
:10653C007B699B687A691269B3FBF2F101FB02F289
:10654C009B1A002B1CD17B699A687B691B699A4248
:10655C0016D37B699A68FB68D3F898329A420FD2AB
:10656C0000220021F86800F099FEFB680022C3F8B5
:10657C009822002300220021F86801F0C0FA26E0DE
:10658C00FB68D3F8B432DB68002B0AD0FB6893F8B5
:10659C009C32032B05D1FB68D3F8B432DB68F86866
:1065AC0098478021F86801F0FFF9F86800F0ADFE1B
:1065BC000DE0FB68D3F89432042B04D0FB68D3F8BD
:1065CC009432002B03D18021F86801F0EDF9FB68BF
:1065DC0093F8A032012B1DD1F868FFF781FEFB6800
:1065EC00002283F8A02215E0FB68D3F8B4325B6973
:1065FC00002B0DD0FB6893F89C32032B08D1FB6861
:10660C00D3F8B4325B69FA7A1146F868984701E01E
:10661C00022300E0002318461837BD4680BD80B524
:10662C0082B000AF7860402300220021786801F02E
:10663C0076F97B680122C3F858217B684022C3F8A5
:10664C006421402300228021786801F068F97B687E
:10665C0001229A617B6840225A627B68012283F88E
:10666C009C227B680022C3F894227B6800225A602B
:10667C007B680022C3F8A4227B68D3F8B832002BC5
:10668C0009D07B68D3F8B4325B687A685268D2B2AE
:10669C00114678689847002318460837BD4680BDD8
:1066AC0080B483B000AF78600B46FB707B68FA78DF
:1066BC001A74002318460C37BD4680BC704780B452
:1066CC0083B000AF78607B6893F89C227B6883F87A
:1066DC009D227B68042283F89C22002318460C37E9
:1066EC00BD4680BC704780B483B000AF78607B68D7
:1066FC0093F89C32042B05D17B6893F89D227B6820
:10670C0083F89C22002318460C37BD4680BC70478A
:10671C0080B582B000AF78607B6893F89C32032B15
:10672C000BD17B68D3F8B432DB69002B05D07B68C6
:10673C00D3F8B432DB6978689847002318460837D9
:10674C00BD4680BD80B584B000AF78603960002351
:10675C00FB733B681B7803F06003402B05D0402B88
:10676C004FD8002B09D0202B4BD17B68D3F8B432F7
:10677C009B6839687868984748E03B685B78092BD8
:10678C0039D801A252F823F0E5670008F967000830
:10679C0003680008EF67000803680008C767000873
:1067AC00BD67000803680008DB670008D1670008B4
:1067BC003968786800F0DCF922E03968786800F014
:1067CC003FFB1DE03968786800F07EFB18E0396803
:1067DC00786800F007FC13E03968786800F037FC43
:1067EC000EE03968786800F065FC09E03968786873
:1067FC0000F074FC04E03968786800F0C9FC00BF54
:10680C0004E03968786800F0C3FC00BFFB7B1846D5
:10681C001037BD4680BD00BF80B584B000AF786036
:10682C0039600023FB733B681B7803F06003402B3B
:10683C0005D0402B2ED8002B01D0202B2AD17B68E1
:10684C0093F89C32013B022B1DD83B689B88DBB232
:10685C00012B13D87B68D3F8B4329B6839687868FD
:10686C0098470346FB733B68DB88002B10D1FB7BFE
:10687C00002B0DD1786800F035FD09E03968786897
:10688C0000F086FC04E03968786800F081FC00E0D8
:10689C0000BF04E03968786800F07AFC00BF002380
:1068AC0018461037BD4680BD80B584B000AF786007
:1068BC0039600023FB733B689B88BB733B681B7878
:1068CC0003F06003402B07D0402B00F24681002BD5
:1068DC000AD0202B40F041817B68D3F8B4329B68FE
:1068EC003968786898473DE13B681B7803F0600392
:1068FC00202B0AD17B68D3F8B4329B68396878684E
:10690C0098470346FB73FB7B2DE13B685B78032BBD
:10691C0007D0032B00F31B81002B72D0012B3AD034
:10692C0015E17B6893F89C32022B02D0032B15D017
:10693C002BE0BB7B002B0CD0BB7B802B09D0BB7B13
:10694C001946786801F030F88021786801F02CF84D
:10695C0020E03968786800F01BFC1BE03B685B8822
:10696C00002B0ED1BB7B002B0BD0BB7B802B08D01C
:10697C003B68DB88002B04D1BB7B1946786801F09F
:10698C0013F8786800F0AEFC04E03968786800F021
:10699C00FFFB00BFE0E07B6893F89C32022B02D037
:1069AC00032B15D026E0BB7B002B0CD0BB7B802BA4
:1069BC0009D0BB7B1946786800F0F6FF8021786817
:1069CC0000F0F2FF1CE03968786800F0E1FB17E09A
:1069DC003B685B88002B12D1BB7B03F07F03002B41
:1069EC0004D0BB7B1946786800F0FDFF786800F096
:1069FC0079FC04E03968786800F0CAFB00E000BF5D
:106A0C00AAE07B6893F89C32022B02D0032B32D085
:106A1C0097E0BB7B002B07D0BB7B802B04D0396865
:106A2C00786800F0B5FB91E097F90E30002B0BDA8B
:106A3C00BB7B03F07F0213469B0013449B00103377
:106A4C007A68134404330BE0BB7B03F07F021346DC
:106A5C009B0013449B0003F5A8737A68134404331A
:106A6C00BB60BB6800221A60BB68022219467868BA
:106A7C0000F0F8FB6AE097F90E30002B11DABB7BC3
:106A8C0003F00F02796813469B0013449B000B44E0
:106A9C0018331B68002B17D13968786800F078FB25
:106AAC0054E0BB7B03F00F02796813469B00134440
:106ABC009B000B4403F5AC731B68002B04D13968A5
:106ACC00786800F065FB41E097F90E30002B0BDA8B
:106ADC00BB7B03F07F0213469B0013449B001033D7
:106AEC007A68134404330BE0BB7B03F07F0213463C
:106AFC009B0013449B0003F5A8737A68134404337A
:106B0C00BB60BB7B002B02D0BB7B802B03D1BB6853
:106B1C0000221A600EE0BB7B1946786800F082FFF9
:106B2C000346002B03D0BB6801221A6002E0BB684D
:106B3C0000221A60BB6802221946786800F092FBAA
:106B4C0004E03968786800F023FB00BF04E0396882
:106B5C00786800F01DFB00BF04E03968786800F02D
:106B6C0017FB00BFFB7B18461037BD4680BD0000ED
:106B7C0080B584B000AF7860396000233B8100237E
:106B8C00FB600023FB723B685B881B0A9BB2013BDA
:106B9C00062B00F2288101A252F823F0C56B0008E5
:106BAC00DD6B00081D6C0008F36D0008F36D000828
:106BBC00936D0008BF6D00087B68D3F8B0321B687A
:106BCC007A68127C07F1080110469847F86012E1C8
:106BDC007B681B7C002B0DD17B68D3F8B4329B6A8D
:106BEC0007F1080210469847F860FB68013302224F
:106BFC001A7000E17B68D3F8B432DB6A07F1080243
:106C0C0010469847F860FB68013302221A70F2E0D4
:106C1C003B685B88DBB2052B00F2AC8001A252F81A
:106C2C0023F000BF496C00087D6C0008B16C0008B3
:106C3C00E56C0008196D00084D6D00087B68D3F8F1
:106C4C00B0325B68002B0BD07B68D3F8B0325B683A
:106C5C007A68127C07F1080110469847F86091E0B9
:106C6C003968786800F094FAFB7A0133FB7289E09A
:106C7C007B68D3F8B0329B68002B0BD07B68D3F8C1
:106C8C00B0329B687A68127C07F10801104698476D
:106C9C00F86077E03968786800F07AFAFB7A0133AB
:106CAC00FB726FE07B68D3F8B032DB68002B0BD043
:106CBC007B68D3F8B032DB687A68127C07F1080184
:106CCC0010469847F8605DE03968786800F060FA23
:106CDC00FB7A0133FB7255E07B68D3F8B0321B6949
:106CEC00002B0BD07B68D3F8B0321B697A68127C0E
:106CFC0007F1080110469847F86043E03968786856
:106D0C0000F046FAFB7A0133FB723BE07B68D3F868
:106D1C00B0325B69002B0BD07B68D3F8B0325B6967
:106D2C007A68127C07F1080110469847F86029E050
:106D3C003968786800F02CFAFB7A0133FB7221E099
:106D4C007B68D3F8B0329B69002B0BD07B68D3F8EF
:106D5C00B0329B697A68127C07F10801104698479B
:106D6C00F8600FE03968786800F012FAFB7A0133AA
:106D7C00FB7207E03968786800F00AFAFB7A013395
:106D8C00FB7238E037E07B681B7C002B09D17B68F9
:106D9C00D3F8B4325B6B07F1080210469847F860E1
:106DAC0029E03968786800F0F3F9FB7A0133FB725B
:106DBC0021E07B681B7C002B0DD17B68D3F8B432AF
:106DCC001B6B07F1080210469847F860FB6801330B
:106DDC0007221A700FE03968786800F0D9F9FB7A4D
:106DEC000133FB7207E03968786800F0D1F9FB7A5F
:106DFC000133FB7200BFFB7A002B1CD13B89002BAB
:106E0C0011D03B68DB88002B0DD03B68DA883B89BE
:106E1C00934228BF13469BB23B813B891A46F968C3
:106E2C00786800F01FFA3B68DB88002B04D1786887
:106E3C0000F058FA00E000BF1037BD4680BD00BF1F
:106E4C0080B584B000AF786039603B689B88002BBC
:106E5C0030D13B68DB88002B2CD13B685B887F2BC7
:106E6C0028D83B685B88DBB203F07F03FB737B683D
:106E7C0093F89C32032B04D13968786800F088F9B8
:106E8C001DE07B68FA7B83F89E22FB7B19467868B1
:106E9C0000F0F3FD786800F025FAFB7B002B04D0A2
:106EAC007B68022283F89C2209E07B68012283F82C
:106EBC009C2204E03968786800F06AF900BF00BFD2
:106ECC001037BD4680BD000080B582B000AF786041
:106EDC0039603B685B88DAB2414B1A70404B1B78C7
:106EEC00012B04D93968786800F052F975E07B6899
:106EFC0093F89C32022B02D0032B23D062E0384B48
:106F0C001B78002B1AD0364B1B781A467B685A60BC
:106F1C007B68032283F89C22314B1B7819467868D6
:106F2C00FFF7E8F90346022B04D13968786800F0C2
:106F3C002FF952E0786800F0D5F94EE0786800F04F
:106F4C00D1F94AE0264B1B78002B12D17B68022228
:106F5C0083F89C22224B1B781A467B685A60204B84
:106F6C001B7819467868FFF7E4F9786800F0BAF9ED
:106F7C0033E01B4B1B781A467B685B689A421DD02A
:106F8C007B685B68DBB219467868FFF7D2F9144B63
:106F9C001B781A467B685A60114B1B781946786827
:106FAC00FFF7A8F90346022B04D13968786800F082
:106FBC00EFF812E0786800F095F90EE0786800F0D0
:106FCC0091F90AE03968786800F0E2F8044B1B7814
:106FDC0019467868FFF7ADF900BF0837BD4680BD8C
:106FEC008802002080B582B000AF786039603B68C1
:106FFC00DB88012B04D03968786800F0C9F822E0EE
:10700C007B6893F89C32022B02DC002B03DC15E02E
:10701C00032B0BD012E07B6800229A607B6808334C
:10702C0001221946786800F01DF90CE07B680433E6
:10703C0001221946786800F015F904E0396878687F
:10704C0000F0A6F800BF00BF0837BD4680BD80B574
:10705C0082B000AF786039607B6893F89C32013B5A
:10706C00022B1ED83B68DB88022B04D03968786869
:10707C0000F08EF81AE07B680122DA607B68D3F8A6
:10708C00A432002B05D07B68DB6843F002027B68DE
:10709C00DA607B680C3302221946786800F0E2F85B
:1070AC0004E03968786800F073F800BF00BF083757
:1070BC00BD4680BD80B582B000AF786039603B685A
:1070CC005B88012B06D17B680122C3F8A422786867
:1070DC0000F008F900BF0837BD4680BD80B582B00E
:1070EC0000AF786039607B6893F89C32013B022BCF
:1070FC000BD83B685B88012B0CD17B680022C3F852
:10710C00A422786800F0EEF804E03968786800F0A2
:10711C003FF800E000BF00BF0837BD4680BD80B41B
:10712C0083B000AF786039603B681A787B681A705E
:10713C003B685A787B685A703B6802331B781A4656
:10714C003B6803331B781B029BB213449AB27B68D7
:10715C005A803B6804331B781A463B6805331B780E
:10716C001B029BB213449AB27B689A803B6806332D
:10717C001B781A463B6807331B781B029BB21344DF
:10718C009AB27B68DA8000BF0C37BD4680BC704772
:10719C0080B582B000AF786039608021786800F0EB
:1071AC0003FC0021786800F0FFFB00BF0837BD46E8
:1071BC0080BD80B586B000AFF860B9607A600023FE
:1071CC00FB75FB68002B32D0F86800F034F80346EE
:1071DC0001339BB25B009AB27B681A80FB7D5A1C10
:1071EC00FA751A46BB6813447A6812781A70FB7DDC
:1071FC005A1CFA751A46BB68134403221A7012E023
:10720C00FB685A1CFA60FA7D511CF9751146BA6874
:10721C000A441B781370FB7D5A1CFA751A46BB681E
:10722C00134400221A70FB681B78002BE8D100BFB6
:10723C001837BD4680BD80B485B000AF78600023A0
:10724C00FB7305E0FB7B0133FB737B6801337B60D5
:10725C007B681B78002BF5D1FB7B18461437BD4699
:10726C0080BC704780B584B000AFF860B96013463D
:10727C00FB80FB680222C3F89422FA88FB68DA616F
:10728C00FA88FB681A62FB88BA680021F86800F07B
:10729C0013FC002318461037BD4680BD80B584B062
:1072AC0000AFF860B9601346FB80FB88BA68002118
:1072BC00F86800F001FC002318461037BD4680BD6D
:1072CC0080B584B000AFF860B9601346FB80FB88D2
:1072DC00BA680021F86800F012FC00231846103739
:1072EC00BD4680BD80B582B000AF78607B6804225B
:1072FC00C3F89422002300220021786800F0DCFB04
:10730C00002318460837BD4680BD80B582B000AF5B
:10731C0078607B680522C3F89422002300220021A8
:10732C00786800F0ECFB002318460837BD4680BD9A
:10733C0080B500AF002212491248FEF781FF0346C8
:10734C00002B01D0F9F708FE0F490E48FEF7A3FFFA
:10735C000346002B01D0F9F7FFFD0C490948FEF755
:10736C0059FF0346002B01D0F9F7F6FD0548FEF74F
:10737C00ABFF0346002B01D0F9F7EEFD00BF80BD3B
:10738C00C00000208C0200202000002010010020F2
:10739C0080B483B000AF03463960FB713B681222A6
:1073AC001A80034B18460C37BD4680BC704700BF93
:1073BC00DC00002080B483B000AF03463960FB7161
:1073CC003B6804221A80034B18460C37BD4680BC20
:1073DC00704700BFF000002080B582B000AF0346BC
:1073EC003960FB71FB79002B05D13A6807490848D5
:1073FC00FFF7DFFE04E03A6804490548FFF7D9FEC1
:10740C00024B18460837BD4680BD00BF5005002012
:10741C00C88B000880B582B000AF03463960FB71A1
:10742C003A6804490448FFF7C4FE024B1846083773
:10743C00BD4680BD50050020E08B000880B582B0B1
:10744C0000AF03463960FB713B681A221A8000F0CA
:10745C0043F8024B18460837BD4680BDF4000020A7
:10746C0080B582B000AF03463960FB71FB79002B0D
:10747C0005D13A6807490848FFF79BFE04E03A68D3
:10748C0004490548FFF795FE024B18460837BD46E0
:10749C0080BD00BF50050020E88B000880B582B08D
:1074AC0000AF03463960FB71FB79002B05D13A68BC
:1074BC0007490848FFF77DFE04E03A68044905488F
:1074CC00FFF777FE024B18460837BD4680BD00BF5C
:1074DC0050050020F48B000880B584B000AF0F4B32
:1074EC001B68FB600E4B1B68BB600E4B1B687B6004
:1074FC00FA687B681344FB60FB68002B09D00822F8
:10750C000949F86800F014F804220849B86800F03A
:10751C000FF800BF1037BD4680BD00BFE8F7FF1F56
:10752C00ECF7FF1FF0F7FF1FF6000020060100200C
:10753C0080B487B000AFF860B9601346FB710023CC
:10754C00FB750023FB7527E0FB681B0F092B0BD881
:10755C00FB681B0FDAB2FB7D5B001946BB680B4462
:10756C003032D2B21A700AE0FB681B0FDAB2FB7D24
:10757C005B001946BB680B443732D2B21A70FB68F9
:10758C001B01FB60FB7D5B000133BA6813440022D6
:10759C001A70FB7D0133FB75FA7DFB799A42D3D3CC
:1075AC0000BF00BF1C37BD4680BC704780B586B09D
:1075BC0002AF78600B467B807B681B78FB737B6823
:1075CC005B78BB737B689B787B737B68DB783B73E6
:1075DC00F97BBA7B787B3B7B00930346064800F033
:1075EC0067FC064B1B689B68184600F08BFB7B887E
:1075FC0018461037BD4680BD048C000824010020BD
:10760C0080B582B000AF78600B467B807B881946D2
:10761C007868FEF7B7FD034618460837BD4680BDAF
:10762C0080B582B000AF78600B467B807B881946B2
:10763C007868FEF7A7FD034618460837BD4680BD9F
:10764C0080B584B000AF0346FB710B46BB7113468B
:10765C007B7109233B7397F9073003F00F035BB27F
:10766C0063F06F035BB2DBB27B73BB7903F07F0318
:10767C00DBB2BB737B7903F07F03DBB2FB7307F1E7
:10768C000C0304211846FFF7CBFF00BF1037BD4693
:10769C0080BD80B584B000AF0346FB710B46BB7157
:1076AC0013467B710B233B7397F9073003F00F03E1
:1076BC005BB263F04F035BB2DBB27B73BB7903F05D
:1076CC007F03DBB2BB737B7903F07F03DBB2FB730D
:1076DC0007F10C0304211846FFF7A2FF00BF103777
:1076EC00BD4680BD80B584B000AF78607B681B68F8
:1076FC000D4A934213D10D4BDB690C4A43F4000342
:10770C00D3610A4BDB6903F40003FB60FB680022C6
:10771C0000211420F9F793FE1420F9F7ACFE00BFFA
:10772C001037BD4680BD00BF005C00400010024019
:10773C0080B582B000AF78607B68D3F8D4227B68C8
:10774C0003F5267319461046FEF706FE00BF0837F0
:10775C00BD4680BD80B582B000AF78600B46FB7033
:10776C007B68D3F8D402FA78796813469B001344EB
:10777C00DB000B4403F5B2731A68FB781946FEF76D
:10778C0038FE00BF0837BD4680BD80B582B000AF63
:10779C0078600B46FB707B68D3F8D402FA78796872
:1077AC0013469B001344DB000B4424331A68FB780C
:1077BC001946FEF78FFE00BF0837BD4680BD80B569
:1077CC0082B000AF78607B68D3F8D4321846FEF7ED
:1077DC009FFF00BF0837BD4680BD80B584B000AFA9
:1077EC0078600123FB737B689B79022B01D0F9F73E
:1077FC00B3FB7B68D3F8D432FA7B11461846FEF7FC
:10780C004FFF7B68D3F8D4321846FEF708FF00BF51
:10781C001037BD4680BD000080B582B000AF7860E7
:10782C007B68D3F8D4321846FEF749FF7B689B7A05
:10783C00002B05D0044B1B69034A43F0060313616C
:10784C0000BF0837BD4680BD00ED00E080B582B0BA
:10785C0000AF78607B68D3F8D4321846FEF743FF4C
:10786C0000BF0837BD4680BD80B582B000AF7860E0
:10787C001B4A7B68C2F8D4327B68194AC3F8C02211
:10788C00174B184A1A60164B08221A71144B022215
:10789C009A71134B00229A72114B0022DA72104B20
:1078AC0000221A730E48F9F700FE0346002B01D094
:1078BC00F9F752FB7B68D3F8C00218230022002191
:1078CC00FBF7FAFA7B68D3F8C00258230022802118
:1078DC00FBF7F2FA002318460837BD4680BD00BFFF
:1078EC0050070020005C004080B584B000AF786089
:1078FC000023FB730023BB737B68D3F8C03218469C
:10790C00F9F7C9FE0346FB73FB7B184600F026F91A
:10791C000346BB73BB7B18461037BD4680BD80B594
:10792C0084B000AF7860084611461A460346FB70D7
:10793C000B46BB7013463B800023FB730023BB73C9
:10794C007B68D3F8C002BB783A88F978FAF71DF84F
:10795C000346FB73FB7B184600F000F90346BB7330
:10796C00BB7B18461037BD4680BD80B584B000AFD8
:10797C0078600B46FB700023FB730023BB737B68A2
:10798C00D3F8C032FA7811461846FAF75BF803467A
:10799C00FB73FB7B184600F0E1F80346BB73BB7B23
:1079AC0018461037BD4680BD80B584B000AF7860F6
:1079BC000B46FB700023FB730023BB737B68D3F86F
:1079CC00C032FA7811461846FAF7ECF80346FB7306
:1079DC00FB7B184600F0C2F80346BB73BB7B184612
:1079EC001037BD4680BD80B584B000AF78600B46C3
:1079FC00FB700023FB730023BB737B68D3F8C0328E
:107A0C00FA7811461846FAF72DF90346FB73FB7BFF
:107A1C00184600F0A3F80346BB73BB7B184610371F
:107A2C00BD4680BD80B485B000AF78600B46FB705E
:107A3C007B68D3F8C032FB6097F90330002B0BDA6C
:107A4C00FB7803F07F02F96813469B001344DB00BC
:107A5C000B4412331B780BE0FB7803F07F02F968C0
:107A6C0013469B001344DB000B4403F5A9731B78EE
:107A7C0018461437BD4680BC704780B584B000AF43
:107A8C0078600B46FB700023FB730023BB737B6891
:107A9C00D3F8C032FA7811461846F9F752FF03466C
:107AAC00FB73FB7B184600F059F80346BB73BB7B9A
:107ABC0018461037BD4680BD80B586B000AFF86063
:107ACC007A601A460B46FB7213463B810023FB750A
:107ADC000023BB75FB68D3F8C0023B89F97A7A683E
:107AEC00FAF729F80346FB75FB7D184600F036F8CB
:107AFC000346BB75BB7D18461837BD4680BD80B5A7
:107B0C0086B000AFF8607A601A460B46FB721346DB
:107B1C003B810023FB750023BB75FB68D3F8C002C7
:107B2C003B89F97A7A68F9F7D5FF0346FB75FB7D3B
:107B3C00184600F013F80346BB75BB7D1846183782
:107B4C00BD4680BD80B483B000AF78600B46FB703F
:107B5C0000BF0C37BD4680BC7047000080B485B0B8
:107B6C0000AF0346FB710023FB73FB79032B17D883
:107B7C0001A252F823F000BF957B00089B7B000804
:107B8C00A17B0008A77B00080023FB730BE00223FA
:107B9C00FB7308E00123FB7305E00223FB7302E097
:107BAC000223FB7300BFFB7B18461437BD4680BC19
:107BBC00704700BFB1F90C20F8B5160705460C4606
:107BCC0054D44B68002B02DC0B6C002B48DDE66AAE
:107BDC00002E45D0002312F480522F68216A2B60AE
:107BEC0030D0626DA389590705D56368D21A636BCF
:107BFC000BB1236CD21A00232846E66A216AB047DF
:107C0C00431CA38906D129681D292BD8284A0A416F
:107C1C00D60727D4002262602269D904226004D5D9
:107C2C00421C01D12B6803B96065616B2F60B9B13F
:107C3C0004F14403994202D0284600F0FDFA0023D7
:107C4C0063630DE001232846B0470246501CC9D19E
:107C5C002B68002BC6D01D2B01D0162B1DD12F60ED
:107C6C00002021E043F040031BB21AE00F69002F03
:107C7C00F6D0930718BF00230E6808BF4B69F61B9C
:107C8C000F608B60002EEBDD33463A462846216AA6
:107C9C00D4F828C0E047002807DCB4F90C3043F0D6
:107CAC0040034FF0FF30A381F8BD0744361AE9E7D3
:107CBC00FEFFBFDF38B50B6905460C4613B900252E
:107CCC00284638BD18B1036A0BB900F0BBF8B4F9FB
:107CDC000C30002BF3D0626ED00704D4990502D47B
:107CEC00A06D00F0A6FA28462146FFF763FF636EED
:107CFC000546DA07E4D4A3899B05E1D4A06D00F016
:107D0C0099FADDE7014620B9044A0549054800F017
:107D1C00B1B8054B1868FFF7CDBF00BF18010020A4
:107D2C00C17C00082801002024010020002310B58C
:107D3C000446C0E90033C0E90433836081814366A3
:107D4C00C2818361194608225C3000F0F9F90D4BB1
:107D5C00246263620C4BA3620C4BE3620C4B2363F7
:107D6C000C4B9C4206D003F16802944202D0D033F3
:107D7C009C4205D104F15800BDE8104000F058BAFF
:107D8C0010BD00BF9D7F0008BF7F0008F77F000873
:107D9C001B800008280A0020024A0349034800F00F
:107DAC0069B800BF18010020C17C00082801002020
:107DBC0041680C4B10B59942044601D0FFF77AFF8D
:107DCC00A168094B994202D02046FFF773FFE16886
:107DDC00064B994204D02046BDE81040FFF76ABF1D
:107DEC0010BD00BF280A0020900A0020F80A0020CD
:107DFC0010B50B4B0B4C0C4A20461A600421002288
:107E0C00FFF794FF04F1680001220921FFF78EFFB0
:107E1C0004F1D0000222BDE810401221FFF786BF0A
:107E2C00600B0020280A0020A57D0008014800F006
:107E3C0000BA00BF690B0020014800F0FBB900BF7D
:107E4C00690B002010B50446FFF7F0FF236A1BB145
:107E5C00BDE81040FFF7F0BF044B2362044B1B68D6
:107E6C00002BF5D1FFF7C4FFF2E700BFBD7D000882
:107E7C00600B00202DE9F84307468846144600267F
:107E8C00D4E90195B9F1010905D52468002CF7D185
:107E9C003046BDE8F883AB89012B07D9B5F90E3014
:107EAC00013303D029463846C04706436835E9E715
:107EBC000FB407B5064904AB086853F8042B816866
:107ECC00019300F0D7FA03B05DF804EB04B07047EF
:107EDC0024010020036A70B505460E4684680BB970
:107EEC00FFF7B0FF636EDB0705D4A389980502D4B6
:107EFC00A06D00F09EF9A389190702D52369002B08
:107F0C0035D12146284600F0C5F880B34FF0FF3537
:107F1C00636EDA0705D4A3899B0502D4A06D00F02B
:107F2C0089F9284670BD002B04DAA2699A4217DC45
:107F3C000A2915D023685A1C22601970A36816F8F8
:107F4C00011F013BA3600029EDD1002B11DA224661
:107F5C000A21284600F05FF80130D7D00A25D7E770
:107F6C002246284600F057F80130E7D1CEE7013E13
:107F7C00E4E723685A1C22600A221A70EEE700001C
:107F8C00024B01461868FFF7A5BF00BF2401002073
:107F9C0010B50C46B1F90E1000F0FCF80028ABBF80
:107FAC00636DA3891B1823F48053ACBF6365A38155
:107FBC0010BD2DE9F0411F468B890546DB050C46AB
:107FCC00164605D502230022B1F90E1000F0D0F8A8
:107FDC00A389324623F48053A38128463B46B4F947
:107FEC000E10BDE8F04100F0E7B810B50C46B1F941
:107FFC000E1000F0BDF8431CA38915BF606523F477
:10800C00805343F48053A38118BFA38110BDB1F9F1
:10801C000E1000F09DB8F8B50E461446054618B182
:10802C00036A0BB9FFF70EFFA369A360A3891A07B4
:10803C0001D5236943B92146284600F02BF818B125
:10804C004FF0FF373846F8BD23682269F6B2981A0C
:10805C0063693746834205DC21462846FFF72AFE32
:10806C000028EDD1A368013BA36023685A1C226051
:10807C001E706269431C9A4204D0A389DB07E1D5C8
:10808C000A2EDFD121462846FFF714FE0028D9D04E
:10809C00D6E7000038B5294B054618680C4618B1D0
:1080AC00036A0BB9FFF7CEFEB4F90C30190722D4D2
:1080BC00DA0607D409222A6043F040034FF0FF3060
:1080CC00A38133E0580712D5616B41B104F144032D
:1080DC00994202D0284600F0AFF800236363A389CD
:1080EC0023F02403A3810023636023692360A38905
:1080FC0043F00803A38123694BB9A38903F42073CC
:10810C00B3F5007F03D02146284600F082FCB4F979
:10811C000C3013F001020AD00022A26062695242B4
:10812C00A261226942B913F08000C5D138BD99070C
:10813C0058BF6269A260F4E70020F7E72401002031
:10814C0003460244934200D1704703F8011BF9E740
:10815C0038B50023054D044608462B60F8F7A3FFFD
:10816C00431C02D12B6803B1236038BD640B002083
:10817C0038B50446084611460022054D2A601A46B9
:10818C00F8F7B5FF431C02D12B6803B1236038BD4F
:10819C00640B002038B50446084611460022054DF4
:1081AC002A601A46F8F746FF431C02D12B6803B12C
:1081BC00236038BD640B002038B5044608461146D0
:1081CC000022054D2A601A46F8F751FF431C02D1D4
:1081DC002B6803B1236038BD640B0020014B186879
:1081EC00704700BF2401002070B500260C4D0D4CCB
:1081FC00641BA410A64209D100F088FC00260A4D8D
:10820C000A4C641BA410A64205D170BD55F8043B62
:10821C0098470136EEE755F8043B98470136F2E7EC
:10822C00A88C0008A88C0008A88C0008AC8C00084E
:10823C00704770477047000038B50546002940D09C
:10824C0051F8043C0C1F002BB8BFE41800F0DEF80A
:10825C001C4A136833B9636014602846BDE8384083
:10826C0000F0DAB8A34208D9206821188B4201BF6C
:10827C0019685B6809182160EDE71A465B680BB159
:10828C00A342FAD911685018A0420BD120680144BE
:10829C00501883421160E0D118685B680844106084
:1082AC005360DAE702D90C232B60D6E7206821183B
:1082BC008B4201BF19685B680918216063605460C8
:1082CC00CBE738BD700B002070B50F4E0C463168F3
:1082DC00054611B900F0FCFB30602146284600F041
:1082EC00F7FB431C03D14FF0FF34204670BDC41C78
:1082FC0024F00304A042F8D0211A284600F0E8FB31
:10830C000130F2D1EFE700BF6C0B00202DE9F843F0
:10831C00CD1C25F0030508350C2D38BF0C25002D80
:10832C00064601DBA94204D90C2333600020BDE8CA
:10833C00F883DFF8D48000F069F8D8F800301C46D8
:10834C0044BB29463046FFF7BFFF431C044658D1B7
:10835C00D8F800402746002F43D1002C4BD023687F
:10836C003946304604EB030900F0B2FB814542D19B
:10837C00216830466D1A2946FFF7A6FF01303AD026
:10838C0023682B442360D8F800305A6862BBC8F8C5
:10839C0000700FE02268521B20D40B2A17D96119E8
:1083AC00A342256018BF5960636808BFC8F8001065
:1083BC0062514B60304600F02FF804F10B00231D86
:1083CC0020F00700C21A1CBF1B1AA350AFE762684B
:1083DC00A3420CBFC8F800205A60EBE72346646840
:1083EC00AEE73C467F68B6E71A465B68A342FBD112
:1083FC0000235360DEE70C233046336000F00CF8AA
:10840C0094E70560D6E700BF700B00200148FFF72A
:10841C0010BF00BF680B00200148FFF70BBF00BF67
:10842C00680B0020936810B4013B002B936007DAB3
:10843C009469A34201DB0A2902D110BCFFF7EBBD02
:10844C001368581C10601970084610BC7047F8B5BA
:10845C0006460F461446D518AC4201D1002007E061
:10846C003A46304614F8011BFFF7DCFF431CF3D1EE
:10847C00F8BD00002DE9F04F0D461446984606460F
:10848C009DB018B1036A0BB9FFF7DCFC6B6ED90712
:10849C0005D4AB899A0502D4A86DFFF7CAFEAB8947
:1084AC001B0701D52B699BB929463046FFF7F2FD16
:1084BC0070B16B6EDC0704D54FF0FF301DB0BDE81A
:1084CC00F08FAB899805F7D4A86DFFF7B3FEF3E7EF
:1084DC000023099320238DF8293030234FF0010914
:1084EC00CDF80C80DFF8A8818DF82A3023469A4607
:1084FC0013F8012B0AB1252AF9D1BAEB040B0BD0D6
:10850C005B46224629463046FFF7A1FF013000F0BA
:10851C00A780099A5A4409929AF80030002B00F06F
:10852C009F8000234FF0FF32CDE905230AF1010AA9
:10853C00049307938DF853301A935446052214F87C
:10854C00011B534800F0D4FA049AD8B9D10644BFA1
:10855C0020238DF85330130744BF2B238DF8533051
:10856C009AF800302A2B15D0544600204FF00A0CF4
:10857C00079A214611F8013B303B092B4BD9B0B17E
:10858C00079214E0A0EB080309FA03F31343A24685
:10859C000493D2E7039B191D1B680391002BBBBFEF
:1085AC005B4242F0020207930793B8BF0492237810
:1085BC002E2B0AD163782A2B32D1039B02341A1D3D
:1085CC001B68039243EAE3730593DFF8C8A0032208
:1085DC005046217800F08CFA38B14022049BA0EB75
:1085EC000A00824013430134049314F8011B062241
:1085FC0029488DF8281000F07BFA00283FD0274B33
:10860C001BBB039B073323F0070308330393099B1E
:10861C003B4409936AE70C4601200CFB0232A8E7A5
:10862C0000234FF00A0C194601340593204610F82C
:10863C00012B303A092A03D9002BC6D00591C4E787
:10864C00044601230CFB0121F0E703AB00932A46FF
:10865C003046134B04A9AFF300800746781CD6D1E3
:10866C006B6ED90705D4AB899A0502D4A86DFFF7B8
:10867C00E1FDAB895B063FF51FAF09981EE703AB25
:10868C0000932A463046064B04A900F07DF8E4E737
:10869C00728C0008788C00087C8C000800000000AC
:1086AC005B8400082DE9F047164698468A680B69EA
:1086BC0007469342B8BF1346336091F843200C46EB
:1086CC00DDF820900AB1013333602368990642BF6C
:1086DC00336802333360256815F0060506D104F1C2
:1086EC00190AE36832689B1AAB422BDC94F84330CE
:1086FC002268003B18BF0123920630D4414638460D
:10870C0004F14302C847013023D02368226903F0E7
:10871C000603042B14BF002533684FF0000608BF76
:10872C00E56804F11A0408BFED1A54F8123C08BFAE
:10873C0025EAE5759342C4BF9B1AED18B5421AD1D0
:10874C00002008E00123524641463846C847013014
:10875C0003D14FF0FF30BDE8F0870135C1E7302081
:10876C00E11881F843005A1C94F845102244023356
:10877C0082F84310C2E70123224641463846C847D7
:10878C000130E6D00136D9E72DE9FF470F7E91463F
:10879C00782F80460C469A460C9E01F1430207D86E
:1087AC00622F0AD8002F00F0D380582F00F0BA8027
:1087BC0004F1420684F842703AE0A7F16303152BEA
:1087CC00F6D801A151F823F02D8800084188000843
:1087DC00BD870008BD870008BD870008BD8700085D
:1087EC0041880008BD870008BD870008BD870008C8
:1087FC00BD870008438900086B880008FD880008C5
:10880C00BD870008BD87000865890008BD87000882
:10881C006B880008BD870008BD8700080589000823
:10882C0033681A1D1B68326004F1420684F842302A
:10883C0001239EE033682068191D3160060601D5BE
:10884C001D6803E04506FBD5B3F90050002D03DA93
:10885C002D236D4284F843300A23594811E02168D6
:10886C003368080653F8045B02D4490648BFADB21E
:10887C006F2F336014BF0A2308235148002184F85A
:10888C0043106668002EA8BF2168A660A4BF21F023
:10889C00040121600DB9002E4BD01646B5FBF3F147
:1088AC0003FB1157C75D06F8017D2F46BB420D46F1
:1088BC00F4D9082B0BD12368DF0708D5236961682D
:1088CC009942DEBF302306F8013C06F1FF36921BBD
:1088DC0022614B4621464046CDF800A003AAFFF783
:1088EC00E1FE01304AD14FF0FF3004B0BDE8F08713
:1088FC00236843F0200323607827324884F84570BE
:10890C00236831681F0651F8045B02D45F0648BF28
:10891C00ADB23160D90744BF43F0200323601DB1D1
:10892C001023ABE72648E9E7236823F020032360F4
:10893C00F6E71646BDE733682568181D6169306097
:10894C002E061B6801D5196002E06806FBD519805C
:10895C00002316462361BCE7336800211A1D3260E0
:10896C001E686268304600F0C3F808B1801B606076
:10897C0063682361002384F84330AAE732464946F2
:10898C0040462369D0470130ADD023689B0713D4F0
:10899C00E068039B9842B8BF1846A6E7012332460D
:1089AC0049464046D04701309DD00135E3680399D4
:1089BC005B1AAB42F2DCEBE7002504F11906F5E794
:1089CC00838C0008948C000870B50C46B1F90E101D
:1089DC00154600291E4696B00CDAA389002113F027
:1089EC00800F14BF40234FF48063002031602B6054
:1089FC0016B070BD6A4600F049F80028EDDB01990D
:108A0C0001F47041A1F50053594259414FF4806370
:108A1C00EBE78B89F7B59D0706460C4607D504F1A5
:108A2C004703236023610123636103B0F0BD6A46F1
:108A3C0001ABFFF7C9FF009F054639463046FFF7EB
:108A4C0065FC48B9B4F90C309A05EED423F0030355
:108A5C0043F00203A381E2E7A389C4E9040743F0CE
:108A6C008003A381019B20605BB13046B4F90E10EA
:108A7C0000F01EF828B1A38923F0030343F001038F
:108A8C00A381A3891D43A581CFE7000038B500233E
:108A9C00064D0446084611462B60F8F70FFB431CA5
:108AAC0002D12B6803B1236038BD00BF640B0020DA
:108ABC0038B50023054D044608462B60F8F70DFB2E
:108ACC00431C02D12B6803B1236038BD640B00201A
:108ADC0038B50023054D044608462B60F8F714FB07
:108AEC00431C02D12B6803B1236038BD640B0020FA
:108AFC00034610B5C9B202449342184601D1002076
:108B0C0003E0047801338C42F6D110BDF8B500BFF8
:108B1C00F8BC08BC9E467047F8B500BFF8BC08BC52
:048B2C009E467047AA
:108B3000446562756767696E672053746172742E4D
:108B40002E2E0000456E636F646520427574746F4D
:108B50006E20707265737365640000004355452094
:108B60007072657373656400506C61792070726512
:108B70007373656400000000456E636F6465204296
:108B80007574746F6E2052656C6561736564000066
:108B90004355452052656C656173656400000000B3
:108BA000506C61792052656C6561736564000000EA
:108BB000456E636F646572202B310000456E636FF4
:108BC000646572202D31000053544D3332204D49DD
:108BD000444920436F6E74726F6C6C6572000000C4
:108BE00053544D3332444A004D49444920436F6E3B
:108BF000666967004D49444920496E746572666133
:108C0000636500004D4944492052583A2043494E7B
:108C10005F4341424C453A20253032582C20535472
:108C2000415455533A20253032582C204441544168
:108C3000313A20253032582C2044415441323A20D8
:108C4000253032580D0A000020004000800000004E
:108C500000000000000000000102030406070809EC
:108C600002030405060708090A0B0C0D0E0F10106D
:108C70000102232D302B2000686C4C00656667458F
:108C80004647003031323334353637383941424384
:108C90004445460030313233343536373839616235
:088CA00063646566000000003A
:048CA800310100088E
:048CAC000D010008AE
:108CB0001C100240004400400444004008440040AE
:108CC0000C44004000127A00100000000100000077
:108CD0009D5F0008E55F0008000000000000000044
:108CE0000000000015600008396000080000000066
:108CF0000000000000000000000000000162000809
:108D00000000000000000000090265000201008070
:108D100031090400000001010000092401000109DB
:108D20000001010904010002010300000724010001
:108D3000014100062402010100062402020200098A
:108D400024030103010201000924030206010101B9
:108D500000090501031000010000052501010109BA
:108D6000058103100001000005250101030000003A
:108D70009D730008C173000821740008E5730008A2
:108D8000497400086D740008A974000812010002FB
:108D9000000000408304405700020102030100006C
:108DA000040309041A030000000000000000000092
:108DB00000000000000000000000000000000000B3
:108DC000B97500080D7600080000000003000000DF
:108DD000280A00202801002000000000280A0020A6
:108DE000900A0020F80A00200000000000000000A7
:108DF0000000000000000000000000000000000073
:108E00000000000000000000000000000000000062
:108E10000000000000000000000000000000000052
:048E2000000000004E
:040000050800118D51
:00000001FF
